Date,Adj Close
2007-12-19,85.86296844482422
2007-12-20,85.90037536621094
2007-12-21,85.90037536621094
2007-12-24,85.90037536621094
2007-12-26,85.86296844482422
2007-12-27,85.90037536621094
2007-12-28,85.89849853515625
2007-12-31,85.87977600097656
2008-01-02,85.95477294921875
2008-01-03,85.89849853515625
2008-01-04,85.87977600097656
2008-01-07,85.95477294921875
2008-01-08,85.89849853515625
2008-01-09,85.84223175048828
2008-01-10,85.87977600097656
2008-01-11,85.91727447509766
2008-01-14,85.99227905273438
2008-01-15,85.9735107421875
2008-01-16,85.9735107421875
2008-01-17,85.93602752685547
2008-01-18,85.99227905273438
2008-01-22,86.02978515625
2008-01-23,86.1235580444336
2008-01-24,86.16109466552734
2008-01-25,86.06729125976562
2008-01-28,86.10479736328125
2008-01-29,86.17984008789062
2008-01-30,86.21735382080078
2008-01-31,86.21735382080078
2008-02-01,86.20794677734375
2008-02-04,86.22676086425781
2008-02-05,86.17036437988281
2008-02-06,86.24554443359375
2008-02-07,86.22676086425781
2008-02-08,86.22676086425781
2008-02-11,86.24554443359375
2008-02-12,86.22676086425781
2008-02-13,86.24554443359375
2008-02-14,86.26435852050781
2008-02-15,86.26435852050781
2008-02-19,86.26435852050781
2008-02-20,86.22676086425781
2008-02-21,86.30193328857422
2008-02-22,86.30193328857422
2008-02-25,86.26435852050781
2008-02-26,86.32075500488281
2008-02-27,86.33954620361328
2008-02-28,86.33954620361328
2008-02-29,86.3583755493164
2008-03-03,86.3904037475586
2008-03-04,86.3904037475586
2008-03-05,86.37153625488281
2008-03-06,86.40923309326172
2008-03-07,86.40923309326172
2008-03-10,86.40923309326172
2008-03-11,86.40923309326172
2008-03-12,86.42807006835938
2008-03-13,86.40923309326172
2008-03-14,86.52225494384766
2008-03-17,86.50341033935547
2008-03-18,86.59761047363281
2008-03-19,86.61640930175781
2008-03-20,86.59761047363281
2008-03-24,86.52225494384766
2008-03-25,86.46574401855469
2008-03-26,86.52225494384766
2008-03-27,86.54105377197266
2008-03-28,86.46574401855469
2008-03-31,86.55992889404297
2008-04-01,86.50332641601562
2008-04-02,86.50332641601562
2008-04-03,86.50332641601562
2008-04-04,86.54102325439453
2008-04-07,86.50332641601562
2008-04-08,86.55992889404297
2008-04-09,86.55992889404297
2008-04-10,86.55992889404297
2008-04-11,86.55992889404297
2008-04-14,86.59767150878906
2008-04-15,86.59767150878906
2008-04-16,86.54102325439453
2008-04-17,86.54102325439453
2008-04-18,86.4844741821289
2008-04-21,86.52220916748047
2008-04-22,86.54102325439453
2008-04-23,86.54102325439453
2008-04-24,86.55992889404297
2008-04-25,86.55992889404297
2008-04-28,86.50332641601562
2008-04-29,86.59767150878906
2008-04-30,86.50332641601562
2008-05-01,86.56754302978516
2008-05-02,86.51087188720703
2008-05-05,86.52979278564453
2008-05-06,86.49200439453125
2008-05-07,86.54864501953125
2008-05-08,86.51087188720703
2008-05-09,86.54864501953125
2008-05-12,86.54864501953125
2008-05-13,86.51087188720703
2008-05-14,86.51087188720703
2008-05-15,86.51087188720703
2008-05-16,86.52979278564453
2008-05-19,86.52979278564453
2008-05-20,86.49200439453125
2008-05-21,86.49200439453125
2008-05-22,86.54864501953125
2008-05-23,86.54864501953125
2008-05-27,86.54864501953125
2008-05-28,86.5864486694336
2008-05-29,86.54864501953125
2008-05-30,86.5864486694336
2008-06-02,86.65641021728516
2008-06-03,86.65641021728516
2008-06-04,86.63748931884766
2008-06-05,86.58075714111328
2008-06-06,86.59967041015625
2008-06-09,86.63748931884766
2008-06-10,86.69422912597656
2008-06-11,86.75093841552734
2008-06-12,86.69422912597656
2008-06-13,86.75093841552734
2008-06-16,86.75093841552734
2008-06-17,86.73202514648438
2008-06-18,86.76984405517578
2008-06-19,86.75093841552734
2008-06-20,86.78874969482422
2008-06-23,86.78874969482422
2008-06-24,86.78874969482422
2008-06-25,86.80766296386719
2008-06-26,86.80766296386719
2008-06-27,86.84547424316406
2008-06-30,86.78874969482422
2008-07-01,86.81902313232422
2008-07-02,86.81902313232422
2008-07-03,86.81902313232422
2008-07-07,86.80013275146484
2008-07-08,86.76226806640625
2008-07-09,86.78118896484375
2008-07-10,86.85690307617188
2008-07-11,86.9136962890625
2008-07-14,86.9136962890625
2008-07-15,86.93262481689453
2008-07-16,86.95157623291016
2008-07-17,86.81902313232422
2008-07-18,86.93262481689453
2008-07-21,86.85690307617188
2008-07-22,86.89476776123047
2008-07-23,86.93262481689453
2008-07-24,86.9136962890625
2008-07-25,86.93262481689453
2008-07-28,86.93262481689453
2008-07-29,86.93262481689453
2008-07-30,86.95157623291016
2008-07-31,86.95157623291016
2008-08-01,86.92504119873047
2008-08-04,86.94395446777344
2008-08-05,86.96292114257812
2008-08-06,86.92504119873047
2008-08-07,86.98189544677734
2008-08-08,86.96292114257812
2008-08-11,86.98189544677734
2008-08-12,86.92504119873047
2008-08-13,87.0008544921875
2008-08-14,86.98189544677734
2008-08-15,87.0008544921875
2008-08-18,86.94395446777344
2008-08-19,87.01981353759766
2008-08-20,87.01981353759766
2008-08-21,87.03876495361328
2008-08-22,87.05773162841797
2008-08-25,87.03876495361328
2008-08-26,87.05773162841797
2008-08-27,87.05773162841797
2008-08-28,87.05773162841797
2008-08-29,87.01981353759766
2008-09-02,87.08246612548828
2008-09-03,87.08246612548828
2008-09-04,87.08246612548828
2008-09-05,87.10144805908203
2008-09-08,87.10144805908203
2008-09-09,87.08246612548828
2008-09-10,87.12039184570312
2008-09-11,87.10144805908203
2008-09-12,87.13941192626953
2008-09-15,87.23436737060547
2008-09-16,87.27230834960938
2008-09-17,87.6519775390625
2008-09-18,87.40520477294922
2008-09-19,87.10144805908203
2008-09-22,87.13941192626953
2008-09-23,87.4242172241211
2008-09-24,87.15838623046875
2008-09-25,87.25333404541016
2008-09-26,87.40520477294922
2008-09-29,87.78490447998047
2008-09-30,87.462158203125
2008-10-01,87.44883728027344
2008-10-02,87.4107894897461
2008-10-03,87.4107894897461
2008-10-06,87.3918228149414
2008-10-07,87.37283325195312
2008-10-08,87.29674530029297
2008-10-09,87.42982482910156
2008-10-10,87.5058822631836
2008-10-13,87.1636962890625
2008-10-14,87.31575012207031
2008-10-15,87.33476257324219
2008-10-16,87.29674530029297
2008-10-17,87.10662841796875
2008-10-20,87.31575012207031
2008-10-21,87.31575012207031
2008-10-22,87.20171356201172
2008-10-23,87.31575012207031
2008-10-24,87.22071838378906
2008-10-27,87.35383605957031
2008-10-28,87.33476257324219
2008-10-29,87.23970794677734
2008-10-30,87.35383605957031
2008-10-31,87.2587661743164
2008-11-03,87.23401641845703
2008-11-04,87.27205657958984
2008-11-05,87.31011199951172
2008-11-06,87.443359375
2008-11-07,87.443359375
2008-11-10,87.42430114746094
2008-11-11,87.42430114746094
2008-11-12,87.443359375
2008-11-13,87.443359375
2008-11-14,87.443359375
2008-11-17,87.48139953613281
2008-11-18,87.38623809814453
2008-11-19,87.36720275878906
2008-11-20,87.42430114746094
2008-11-21,87.40526580810547
2008-11-24,87.42430114746094
2008-11-25,87.443359375
2008-11-26,87.48139953613281
2008-11-28,87.2149887084961
2008-12-01,87.45489501953125
2008-12-02,87.53103637695312
2008-12-03,87.39774322509766
2008-12-04,87.35968780517578
2008-12-05,87.35968780517578
2008-12-08,87.37869262695312
2008-12-09,87.34060668945312
2008-12-10,87.39774322509766
2008-12-11,87.30257415771484
2008-12-12,87.34060668945312
2008-12-15,87.32161712646484
2008-12-16,87.37869262695312
2008-12-17,87.32161712646484
2008-12-18,87.26448059082031
2008-12-19,87.32161712646484
2008-12-22,87.43585968017578
2008-12-23,87.34060668945312
2008-12-24,87.43585968017578
2008-12-26,87.43585968017578
2008-12-29,87.127197265625
2008-12-30,87.4320068359375
2008-12-31,87.24152374267578
2009-01-02,87.26058959960938
2009-01-05,87.26058959960938
2009-01-06,87.27963256835938
2009-01-07,87.4129867553711
2009-01-08,87.31771850585938
2009-01-09,87.3749008178711
2009-01-12,87.33677673339844
2009-01-13,87.4510726928711
2009-01-14,87.47013854980469
2009-01-15,87.48918914794922
2009-01-16,87.4320068359375
2009-01-20,87.27963256835938
2009-01-21,87.4320068359375
2009-01-22,87.4510726928711
2009-01-23,87.4320068359375
2009-01-26,87.4129867553711
2009-01-27,87.3749008178711
2009-01-28,87.33677673339844
2009-01-29,87.33677673339844
2009-01-30,87.4129867553711
2009-02-02,87.4663314819336
2009-02-03,87.3901138305664
2009-02-04,87.447265625
2009-02-05,87.4091567993164
2009-02-06,87.2757797241211
2009-02-09,87.3901138305664
2009-02-10,87.37105560302734
2009-02-11,87.35201263427734
2009-02-12,87.35201263427734
2009-02-13,87.42823028564453
2009-02-17,87.42823028564453
2009-02-18,87.447265625
2009-02-19,87.447265625
2009-02-20,87.447265625
2009-02-23,87.42823028564453
2009-02-24,87.37105560302734
2009-02-25,87.33293151855469
2009-02-26,87.35201263427734
2009-02-27,87.4091567993164
2009-03-02,87.46062469482422
2009-03-03,87.44158172607422
2009-03-04,87.44158172607422
2009-03-05,87.46062469482422
2009-03-06,87.44158172607422
2009-03-09,87.44158172607422
2009-03-10,87.44158172607422
2009-03-11,87.44158172607422
2009-03-12,87.4034423828125
2009-03-13,87.38439178466797
2009-03-16,87.36534118652344
2009-03-17,87.4225082397461
2009-03-18,87.44158172607422
2009-03-19,87.38439178466797
2009-03-20,87.4225082397461
2009-03-23,87.44158172607422
2009-03-24,87.4225082397461
2009-03-25,87.46062469482422
2009-03-26,87.44158172607422
2009-03-27,87.46062469482422
2009-03-30,87.44158172607422
2009-03-31,87.4034423828125
2009-04-01,87.41869354248047
2009-04-02,87.36153411865234
2009-04-03,87.41869354248047
2009-04-06,87.3996353149414
2009-04-07,87.3996353149414
2009-04-08,87.43775939941406
2009-04-09,87.3805923461914
2009-04-13,87.43775939941406
2009-04-14,87.3996353149414
2009-04-15,87.3996353149414
2009-04-16,87.45684814453125
2009-04-17,87.36153411865234
2009-04-20,87.3996353149414
2009-04-21,87.3805923461914
2009-04-22,87.43775939941406
2009-04-23,87.47588348388672
2009-04-24,87.47588348388672
2009-04-27,87.45684814453125
2009-04-28,87.47588348388672
2009-04-29,87.45684814453125
2009-04-30,87.45684814453125
2009-05-01,87.48541259765625
2009-05-04,87.37104797363281
2009-05-05,87.39012145996094
2009-05-06,87.37104797363281
2009-05-07,87.37104797363281
2009-05-08,87.39012145996094
2009-05-11,87.37104797363281
2009-05-12,87.44727325439453
2009-05-13,87.39012145996094
2009-05-14,87.4091567993164
2009-05-15,87.4091567993164
2009-05-18,87.46637725830078
2009-05-19,87.44727325439453
2009-05-20,87.37104797363281
2009-05-21,87.42823028564453
2009-05-22,87.44727325439453
2009-05-26,87.46637725830078
2009-05-27,87.46637725830078
2009-05-28,87.44727325439453
2009-05-29,87.46637725830078
2009-06-01,87.39774322509766
2009-06-02,87.39774322509766
2009-06-03,87.43585968017578
2009-06-04,87.43585968017578
2009-06-05,87.41678619384766
2009-06-08,87.43585968017578
2009-06-09,87.41678619384766
2009-06-10,87.43585968017578
2009-06-11,87.378662109375
2009-06-12,87.45491027832031
2009-06-15,87.45491027832031
2009-06-16,87.4739990234375
2009-06-17,87.4739990234375
2009-06-18,87.45491027832031
2009-06-19,87.4739990234375
2009-06-22,87.4739990234375
2009-06-23,87.4739990234375
2009-06-24,87.4739990234375
2009-06-25,87.4739990234375
2009-06-26,87.4739990234375
2009-06-29,87.4739990234375
2009-06-30,87.45491027832031
2009-07-01,87.45681762695312
2009-07-02,87.47592163085938
2009-07-06,87.45681762695312
2009-07-07,87.45681762695312
2009-07-08,87.47592163085938
2009-07-09,87.45681762695312
2009-07-10,87.45681762695312
2009-07-13,87.47592163085938
2009-07-14,87.47592163085938
2009-07-15,87.43775939941406
2009-07-16,87.47592163085938
2009-07-17,87.47592163085938
2009-07-20,87.43775939941406
2009-07-21,87.43775939941406
2009-07-22,87.45681762695312
2009-07-23,87.43775939941406
2009-07-24,87.4186782836914
2009-07-27,87.4186782836914
2009-07-28,87.43775939941406
2009-07-29,87.43775939941406
2009-07-30,87.45681762695312
2009-07-31,87.39964294433594
2009-08-03,87.42253875732422
2009-08-04,87.44159698486328
2009-08-05,87.42253875732422
2009-08-06,87.42253875732422
2009-08-07,87.42253875732422
2009-08-10,87.42253875732422
2009-08-11,87.42253875732422
2009-08-12,87.46062469482422
2009-08-13,87.42253875732422
2009-08-14,87.46062469482422
2009-08-17,87.42253875732422
2009-08-18,87.46062469482422
2009-08-19,87.42253875732422
2009-08-20,87.44159698486328
2009-08-21,87.42253875732422
2009-08-24,87.42253875732422
2009-08-25,87.42253875732422
2009-08-26,87.44159698486328
2009-08-27,87.44159698486328
2009-08-28,87.46062469482422
2009-08-31,87.46062469482422
2009-09-01,87.40725708007812
2009-09-02,87.4835433959961
2009-09-03,87.4835433959961
2009-09-04,87.4835433959961
2009-09-08,87.4835433959961
2009-09-09,87.42631530761719
2009-09-10,87.44538116455078
2009-09-11,87.42631530761719
2009-09-14,87.42631530761719
2009-09-15,87.42631530761719
2009-09-16,87.42631530761719
2009-09-17,87.44538116455078
2009-09-18,87.42631530761719
2009-09-21,87.4835433959961
2009-09-22,87.42631530761719
2009-09-23,87.46446228027344
2009-09-24,87.42631530761719
2009-09-25,87.46446228027344
2009-09-28,87.4835433959961
2009-09-29,87.4835433959961
2009-09-30,87.4835433959961
2009-10-01,87.43013000488281
2009-10-02,87.43013000488281
2009-10-05,87.46826171875
2009-10-06,87.43013000488281
2009-10-07,87.46826171875
2009-10-08,87.43013000488281
2009-10-09,87.44920349121094
2009-10-12,87.44920349121094
2009-10-13,87.44920349121094
2009-10-14,87.43013000488281
2009-10-15,87.43013000488281
2009-10-16,87.46826171875
2009-10-19,87.44920349121094
2009-10-20,87.43013000488281
2009-10-21,87.43013000488281
2009-10-22,87.43013000488281
2009-10-23,87.43013000488281
2009-10-26,87.43013000488281
2009-10-27,87.43013000488281
2009-10-28,87.43013000488281
2009-10-29,87.44920349121094
2009-10-30,87.48735809326172
2009-11-02,87.48925018310547
2009-11-03,87.48925018310547
2009-11-04,87.47016143798828
2009-11-05,87.47016143798828
2009-11-06,87.48925018310547
2009-11-09,87.48925018310547
2009-11-10,87.43204498291016
2009-11-11,87.43204498291016
2009-11-12,87.43204498291016
2009-11-13,87.43204498291016
2009-11-16,87.43204498291016
2009-11-17,87.43204498291016
2009-11-18,87.43204498291016
2009-11-19,87.43204498291016
2009-11-20,87.43204498291016
2009-11-23,87.43204498291016
2009-11-24,87.43204498291016
2009-11-25,87.43204498291016
2009-11-27,87.45111083984375
2009-11-30,87.45111083984375
2009-12-01,87.45111083984375
2009-12-02,87.43204498291016
2009-12-03,87.43204498291016
2009-12-04,87.47016143798828
2009-12-07,87.43204498291016
2009-12-08,87.43204498291016
2009-12-09,87.47016143798828
2009-12-10,87.43204498291016
2009-12-11,87.43204498291016
2009-12-14,87.4129638671875
2009-12-15,87.4129638671875
2009-12-16,87.43204498291016
2009-12-17,87.43204498291016
2009-12-18,87.43204498291016
2009-12-21,87.43204498291016
2009-12-22,87.43204498291016
2009-12-23,87.43204498291016
2009-12-24,87.45111083984375
2009-12-28,87.43204498291016
2009-12-29,87.43965148925781
2009-12-30,87.458740234375
2009-12-31,87.47779083251953
2010-01-04,87.43965148925781
2010-01-05,87.42060852050781
2010-01-06,87.42060852050781
2010-01-07,87.42060852050781
2010-01-08,87.42060852050781
2010-01-11,87.42060852050781
2010-01-12,87.42060852050781
2010-01-13,87.458740234375
2010-01-14,87.43965148925781
2010-01-15,87.43965148925781
2010-01-19,87.43965148925781
2010-01-20,87.43965148925781
2010-01-21,87.43965148925781
2010-01-22,87.43965148925781
2010-01-25,87.458740234375
2010-01-26,87.458740234375
2010-01-27,87.47779083251953
2010-01-28,87.458740234375
2010-01-29,87.47779083251953
2010-02-01,87.458740234375
2010-02-02,87.43965148925781
2010-02-03,87.47779083251953
2010-02-04,87.47779083251953
2010-02-05,87.47779083251953
2010-02-08,87.47779083251953
2010-02-09,87.47779083251953
2010-02-10,87.47779083251953
2010-02-11,87.47779083251953
2010-02-12,87.47779083251953
2010-02-16,87.47779083251953
2010-02-17,87.42060852050781
2010-02-18,87.458740234375
2010-02-19,87.42060852050781
2010-02-22,87.458740234375
2010-02-23,87.42060852050781
2010-02-24,87.458740234375
2010-02-25,87.458740234375
2010-02-26,87.458740234375
2010-03-01,87.42060852050781
2010-03-02,87.43965148925781
2010-03-03,87.42060852050781
2010-03-04,87.42060852050781
2010-03-05,87.42060852050781
2010-03-08,87.42060852050781
2010-03-09,87.42060852050781
2010-03-10,87.43965148925781
2010-03-11,87.42060852050781
2010-03-12,87.42060852050781
2010-03-15,87.42060852050781
2010-03-16,87.42060852050781
2010-03-17,87.42060852050781
2010-03-18,87.42060852050781
2010-03-19,87.42060852050781
2010-03-22,87.43965148925781
2010-03-23,87.43965148925781
2010-03-24,87.42060852050781
2010-03-25,87.458740234375
2010-03-26,87.458740234375
2010-03-29,87.42060852050781
2010-03-30,87.42060852050781
2010-03-31,87.458740234375
2010-04-01,87.458740234375
2010-04-05,87.42060852050781
2010-04-06,87.42060852050781
2010-04-07,87.42060852050781
2010-04-08,87.42060852050781
2010-04-09,87.42060852050781
2010-04-12,87.42060852050781
2010-04-13,87.42060852050781
2010-04-14,87.42060852050781
2010-04-15,87.42060852050781
2010-04-16,87.42060852050781
2010-04-19,87.43965148925781
2010-04-20,87.42060852050781
2010-04-21,87.42060852050781
2010-04-22,87.42060852050781
2010-04-23,87.42060852050781
2010-04-26,87.43965148925781
2010-04-27,87.42060852050781
2010-04-28,87.43965148925781
2010-04-29,87.43965148925781
2010-04-30,87.42060852050781
2010-05-03,87.43965148925781
2010-05-04,87.42060852050781
2010-05-05,87.43965148925781
2010-05-06,87.458740234375
2010-05-07,87.458740234375
2010-05-10,87.458740234375
2010-05-11,87.458740234375
2010-05-12,87.458740234375
2010-05-13,87.43965148925781
2010-05-14,87.458740234375
2010-05-17,87.458740234375
2010-05-18,87.43965148925781
2010-05-19,87.458740234375
2010-05-20,87.458740234375
2010-05-21,87.458740234375
2010-05-24,87.458740234375
2010-05-25,87.458740234375
2010-05-26,87.47779083251953
2010-05-27,87.43965148925781
2010-05-28,87.458740234375
2010-06-01,87.458740234375
2010-06-02,87.47779083251953
2010-06-03,87.43965148925781
2010-06-04,87.47779083251953
2010-06-07,87.458740234375
2010-06-08,87.47779083251953
2010-06-09,87.47779083251953
2010-06-10,87.47779083251953
2010-06-11,87.47779083251953
2010-06-14,87.43965148925781
2010-06-15,87.43965148925781
2010-06-16,87.43965148925781
2010-06-17,87.43965148925781
2010-06-18,87.458740234375
2010-06-21,87.43965148925781
2010-06-22,87.458740234375
2010-06-23,87.458740234375
2010-06-24,87.458740234375
2010-06-25,87.458740234375
2010-06-28,87.458740234375
2010-06-29,87.458740234375
2010-06-30,87.47779083251953
2010-07-01,87.458740234375
2010-07-02,87.458740234375
2010-07-06,87.43965148925781
2010-07-07,87.43965148925781
2010-07-08,87.458740234375
2010-07-09,87.43965148925781
2010-07-12,87.458740234375
2010-07-13,87.458740234375
2010-07-14,87.458740234375
2010-07-15,87.458740234375
2010-07-16,87.458740234375
2010-07-19,87.43965148925781
2010-07-20,87.43965148925781
2010-07-21,87.43965148925781
2010-07-22,87.43965148925781
2010-07-23,87.458740234375
2010-07-26,87.42060852050781
2010-07-27,87.42060852050781
2010-07-28,87.43965148925781
2010-07-29,87.42060852050781
2010-07-30,87.43965148925781
2010-08-02,87.42060852050781
2010-08-03,87.42060852050781
2010-08-04,87.42060852050781
2010-08-05,87.42060852050781
2010-08-06,87.42060852050781
2010-08-09,87.42060852050781
2010-08-10,87.43965148925781
2010-08-11,87.458740234375
2010-08-12,87.458740234375
2010-08-13,87.458740234375
2010-08-16,87.43965148925781
2010-08-17,87.458740234375
2010-08-18,87.43965148925781
2010-08-19,87.43965148925781
2010-08-20,87.458740234375
2010-08-23,87.43965148925781
2010-08-24,87.43965148925781
2010-08-25,87.458740234375
2010-08-26,87.43965148925781
2010-08-27,87.43965148925781
2010-08-30,87.458740234375
2010-08-31,87.43965148925781
2010-09-01,87.43965148925781
2010-09-02,87.458740234375
2010-09-03,87.458740234375
2010-09-07,87.43965148925781
2010-09-08,87.43965148925781
2010-09-09,87.43965148925781
2010-09-10,87.43965148925781
2010-09-13,87.43965148925781
2010-09-14,87.458740234375
2010-09-15,87.458740234375
2010-09-16,87.458740234375
2010-09-17,87.43965148925781
2010-09-20,87.43965148925781
2010-09-21,87.43965148925781
2010-09-22,87.43965148925781
2010-09-23,87.43965148925781
2010-09-24,87.458740234375
2010-09-27,87.458740234375
2010-09-28,87.43965148925781
2010-09-29,87.43965148925781
2010-09-30,87.43965148925781
2010-10-01,87.43965148925781
2010-10-04,87.458740234375
2010-10-05,87.43965148925781
2010-10-06,87.43965148925781
2010-10-07,87.43965148925781
2010-10-08,87.43965148925781
2010-10-11,87.43965148925781
2010-10-12,87.43965148925781
2010-10-13,87.43965148925781
2010-10-14,87.458740234375
2010-10-15,87.43965148925781
2010-10-18,87.458740234375
2010-10-19,87.43965148925781
2010-10-20,87.43965148925781
2010-10-21,87.43965148925781
2010-10-22,87.458740234375
2010-10-25,87.43965148925781
2010-10-26,87.458740234375
2010-10-27,87.458740234375
2010-10-28,87.43965148925781
2010-10-29,87.458740234375
2010-11-01,87.458740234375
2010-11-02,87.42060852050781
2010-11-03,87.43965148925781
2010-11-04,87.43965148925781
2010-11-05,87.43965148925781
2010-11-08,87.43965148925781
2010-11-09,87.43965148925781
2010-11-10,87.43965148925781
2010-11-11,87.42060852050781
2010-11-12,87.458740234375
2010-11-15,87.458740234375
2010-11-16,87.458740234375
2010-11-17,87.458740234375
2010-11-18,87.43965148925781
2010-11-19,87.43965148925781
2010-11-22,87.43965148925781
2010-11-23,87.43965148925781
2010-11-24,87.458740234375
2010-11-26,87.458740234375
2010-11-29,87.458740234375
2010-11-30,87.458740234375
2010-12-01,87.43965148925781
2010-12-02,87.43965148925781
2010-12-03,87.458740234375
2010-12-06,87.43965148925781
2010-12-07,87.43965148925781
2010-12-08,87.43965148925781
2010-12-09,87.458740234375
2010-12-10,87.458740234375
2010-12-13,87.458740234375
2010-12-14,87.458740234375
2010-12-15,87.43965148925781
2010-12-16,87.43965148925781
2010-12-17,87.458740234375
2010-12-20,87.458740234375
2010-12-21,87.458740234375
2010-12-22,87.43965148925781
2010-12-23,87.43965148925781
2010-12-27,87.43965148925781
2010-12-28,87.458740234375
2010-12-29,87.43965148925781
2010-12-30,87.458740234375
2010-12-31,87.43965148925781
2011-01-03,87.458740234375
2011-01-04,87.458740234375
2011-01-05,87.458740234375
2011-01-06,87.458740234375
2011-01-07,87.43965148925781
2011-01-10,87.458740234375
2011-01-11,87.458740234375
2011-01-12,87.43965148925781
2011-01-13,87.43965148925781
2011-01-14,87.43965148925781
2011-01-18,87.43965148925781
2011-01-19,87.458740234375
2011-01-20,87.458740234375
2011-01-21,87.43965148925781
2011-01-24,87.43965148925781
2011-01-25,87.458740234375
2011-01-26,87.43965148925781
2011-01-27,87.458740234375
2011-01-28,87.43965148925781
2011-01-31,87.43965148925781
2011-02-01,87.43965148925781
2011-02-02,87.43965148925781
2011-02-03,87.43965148925781
2011-02-04,87.458740234375
2011-02-07,87.43965148925781
2011-02-08,87.43965148925781
2011-02-09,87.458740234375
2011-02-10,87.43965148925781
2011-02-11,87.43965148925781
2011-02-14,87.43965148925781
2011-02-15,87.458740234375
2011-02-16,87.458740234375
2011-02-17,87.458740234375
2011-02-18,87.43965148925781
2011-02-22,87.43965148925781
2011-02-23,87.458740234375
2011-02-24,87.458740234375
2011-02-25,87.458740234375
2011-02-28,87.43965148925781
2011-03-01,87.43965148925781
2011-03-02,87.458740234375
2011-03-03,87.43965148925781
2011-03-04,87.458740234375
2011-03-07,87.43965148925781
2011-03-08,87.43965148925781
2011-03-09,87.43965148925781
2011-03-10,87.43965148925781
2011-03-11,87.458740234375
2011-03-14,87.458740234375
2011-03-15,87.47779083251953
2011-03-16,87.47779083251953
2011-03-17,87.47779083251953
2011-03-18,87.47779083251953
2011-03-21,87.47779083251953
2011-03-22,87.43965148925781
2011-03-23,87.458740234375
2011-03-24,87.43965148925781
2011-03-25,87.43965148925781
2011-03-28,87.458740234375
2011-03-29,87.43965148925781
2011-03-30,87.458740234375
2011-03-31,87.43965148925781
2011-04-01,87.43965148925781
2011-04-04,87.43965148925781
2011-04-05,87.43965148925781
2011-04-06,87.43965148925781
2011-04-07,87.458740234375
2011-04-08,87.43965148925781
2011-04-11,87.43965148925781
2011-04-12,87.458740234375
2011-04-13,87.458740234375
2011-04-14,87.43965148925781
2011-04-15,87.458740234375
2011-04-18,87.43965148925781
2011-04-19,87.43965148925781
2011-04-20,87.43965148925781
2011-04-21,87.43965148925781
2011-04-25,87.43965148925781
2011-04-26,87.43965148925781
2011-04-27,87.43965148925781
2011-04-28,87.43965148925781
2011-04-29,87.43965148925781
2011-05-02,87.43965148925781
2011-05-03,87.43965148925781
2011-05-04,87.47779083251953
2011-05-05,87.47779083251953
2011-05-06,87.47779083251953
2011-05-09,87.47779083251953
2011-05-10,87.47779083251953
2011-05-11,87.47779083251953
2011-05-12,87.47779083251953
2011-05-13,87.458740234375
2011-05-16,87.458740234375
2011-05-17,87.458740234375
2011-05-18,87.43965148925781
2011-05-19,87.47779083251953
2011-05-20,87.458740234375
2011-05-23,87.458740234375
2011-05-24,87.458740234375
2011-05-25,87.458740234375
2011-05-26,87.458740234375
2011-05-27,87.458740234375
2011-05-31,87.458740234375
2011-06-01,87.43965148925781
2011-06-02,87.43965148925781
2011-06-03,87.43965148925781
2011-06-06,87.43965148925781
2011-06-07,87.458740234375
2011-06-08,87.458740234375
2011-06-09,87.43965148925781
2011-06-10,87.458740234375
2011-06-13,87.43965148925781
2011-06-14,87.458740234375
2011-06-15,87.458740234375
2011-06-16,87.458740234375
2011-06-17,87.458740234375
2011-06-20,87.458740234375
2011-06-21,87.43965148925781
2011-06-22,87.458740234375
2011-06-23,87.458740234375
2011-06-24,87.43965148925781
2011-06-27,87.43965148925781
2011-06-28,87.43965148925781
2011-06-29,87.458740234375
2011-06-30,87.458740234375
2011-07-01,87.43965148925781
2011-07-05,87.43965148925781
2011-07-06,87.458740234375
2011-07-07,87.43965148925781
2011-07-08,87.43965148925781
2011-07-11,87.42060852050781
2011-07-12,87.43965148925781
2011-07-13,87.458740234375
2011-07-14,87.458740234375
2011-07-15,87.458740234375
2011-07-18,87.458740234375
2011-07-19,87.458740234375
2011-07-20,87.43965148925781
2011-07-21,87.43965148925781
2011-07-22,87.458740234375
2011-07-25,87.458740234375
2011-07-26,87.458740234375
2011-07-27,87.458740234375
2011-07-28,87.458740234375
2011-07-29,87.458740234375
2011-08-01,87.458740234375
2011-08-02,87.458740234375
2011-08-03,87.458740234375
2011-08-04,87.458740234375
2011-08-05,87.458740234375
2011-08-08,87.458740234375
2011-08-09,87.458740234375
2011-08-10,87.458740234375
2011-08-11,87.458740234375
2011-08-12,87.458740234375
2011-08-15,87.458740234375
2011-08-16,87.458740234375
2011-08-17,87.458740234375
2011-08-18,87.42060852050781
2011-08-19,87.458740234375
2011-08-22,87.42060852050781
2011-08-23,87.458740234375
2011-08-24,87.458740234375
2011-08-25,87.42060852050781
2011-08-26,87.458740234375
2011-08-29,87.458740234375
2011-08-30,87.458740234375
2011-08-31,87.458740234375
2011-09-01,87.458740234375
2011-09-02,87.458740234375
2011-09-06,87.43965148925781
2011-09-07,87.42060852050781
2011-09-08,87.42060852050781
2011-09-09,87.43965148925781
2011-09-12,87.43965148925781
2011-09-13,87.42060852050781
2011-09-14,87.42060852050781
2011-09-15,87.42060852050781
2011-09-16,87.42060852050781
2011-09-19,87.43965148925781
2011-09-20,87.43965148925781
2011-09-21,87.43965148925781
2011-09-22,87.42060852050781
2011-09-23,87.43965148925781
2011-09-26,87.43965148925781
2011-09-27,87.42060852050781
2011-09-28,87.43965148925781
2011-09-29,87.43965148925781
2011-09-30,87.43965148925781
2011-10-03,87.43965148925781
2011-10-04,87.43965148925781
2011-10-05,87.43965148925781
2011-10-06,87.42060852050781
2011-10-07,87.43965148925781
2011-10-10,87.42060852050781
2011-10-11,87.43965148925781
2011-10-12,87.42060852050781
2011-10-13,87.43965148925781
2011-10-14,87.42060852050781
2011-10-17,87.42060852050781
2011-10-18,87.43965148925781
2011-10-19,87.43965148925781
2011-10-20,87.43965148925781
2011-10-21,87.42060852050781
2011-10-24,87.42060852050781
2011-10-25,87.43965148925781
2011-10-26,87.43965148925781
2011-10-27,87.42060852050781
2011-10-28,87.42060852050781
2011-10-31,87.40154266357422
2011-11-01,87.43965148925781
2011-11-02,87.42060852050781
2011-11-03,87.40154266357422
2011-11-04,87.42060852050781
2011-11-07,87.43965148925781
2011-11-08,87.43965148925781
2011-11-09,87.42060852050781
2011-11-10,87.43965148925781
2011-11-11,87.42060852050781
2011-11-14,87.43965148925781
2011-11-15,87.42060852050781
2011-11-16,87.43965148925781
2011-11-17,87.43965148925781
2011-11-18,87.43965148925781
2011-11-21,87.43965148925781
2011-11-22,87.42060852050781
2011-11-23,87.43965148925781
2011-11-25,87.43965148925781
2011-11-28,87.43965148925781
2011-11-29,87.40154266357422
2011-11-30,87.42060852050781
2011-12-01,87.40154266357422
2011-12-02,87.42060852050781
2011-12-05,87.42060852050781
2011-12-06,87.43965148925781
2011-12-07,87.42060852050781
2011-12-08,87.42060852050781
2011-12-09,87.40154266357422
2011-12-12,87.40154266357422
2011-12-13,87.40154266357422
2011-12-14,87.42060852050781
2011-12-15,87.40154266357422
2011-12-16,87.42060852050781
2011-12-19,87.42060852050781
2011-12-20,87.42060852050781
2011-12-21,87.42060852050781
2011-12-22,87.42060852050781
2011-12-23,87.42060852050781
2011-12-27,87.40154266357422
2011-12-28,87.40534973144531
2011-12-29,87.40534973144531
2011-12-30,87.40534973144531
2012-01-03,87.38627624511719
2012-01-04,87.38627624511719
2012-01-05,87.38627624511719
2012-01-06,87.38627624511719
2012-01-09,87.40534973144531
2012-01-10,87.40534973144531
2012-01-11,87.38627624511719
2012-01-12,87.38627624511719
2012-01-13,87.38627624511719
2012-01-17,87.38627624511719
2012-01-18,87.38627624511719
2012-01-19,87.38627624511719
2012-01-20,87.38627624511719
2012-01-23,87.38627624511719
2012-01-24,87.38627624511719
2012-01-25,87.38627624511719
2012-01-26,87.38627624511719
2012-01-27,87.38627624511719
2012-01-30,87.40534973144531
2012-01-31,87.38627624511719
2012-02-01,87.38627624511719
2012-02-02,87.38627624511719
2012-02-03,87.38627624511719
2012-02-06,87.40534973144531
2012-02-07,87.38627624511719
2012-02-08,87.40534973144531
2012-02-09,87.38627624511719
2012-02-10,87.40534973144531
2012-02-13,87.38627624511719
2012-02-14,87.40534973144531
2012-02-15,87.38627624511719
2012-02-16,87.40534973144531
2012-02-17,87.38627624511719
2012-02-21,87.38627624511719
2012-02-22,87.38627624511719
2012-02-23,87.38627624511719
2012-02-24,87.40534973144531
2012-02-27,87.38627624511719
2012-02-28,87.38627624511719
2012-02-29,87.40534973144531
2012-03-01,87.38627624511719
2012-03-02,87.38627624511719
2012-03-05,87.38627624511719
2012-03-06,87.38627624511719
2012-03-07,87.38627624511719
2012-03-08,87.40534973144531
2012-03-09,87.40534973144531
2012-03-12,87.40534973144531
2012-03-13,87.40534973144531
2012-03-14,87.38627624511719
2012-03-15,87.38627624511719
2012-03-16,87.38627624511719
2012-03-19,87.40534973144531
2012-03-20,87.40534973144531
2012-03-21,87.40534973144531
2012-03-22,87.40534973144531
2012-03-23,87.40534973144531
2012-03-26,87.40534973144531
2012-03-27,87.38627624511719
2012-03-28,87.40534973144531
2012-03-29,87.38627624511719
2012-03-30,87.38627624511719
2012-04-02,87.36717987060547
2012-04-03,87.38627624511719
2012-04-04,87.36717987060547
2012-04-05,87.38627624511719
2012-04-09,87.40534973144531
2012-04-10,87.40534973144531
2012-04-11,87.40534973144531
2012-04-12,87.38627624511719
2012-04-13,87.36717987060547
2012-04-16,87.38627624511719
2012-04-17,87.38627624511719
2012-04-18,87.38627624511719
2012-04-19,87.40534973144531
2012-04-20,87.38627624511719
2012-04-23,87.40534973144531
2012-04-24,87.40534973144531
2012-04-25,87.38627624511719
2012-04-26,87.40534973144531
2012-04-27,87.38627624511719
2012-04-30,87.40534973144531
2012-05-01,87.40534973144531
2012-05-02,87.40534973144531
2012-05-03,87.38627624511719
2012-05-04,87.38627624511719
2012-05-07,87.40534973144531
2012-05-08,87.40534973144531
2012-05-09,87.40534973144531
2012-05-10,87.40534973144531
2012-05-11,87.40534973144531
2012-05-14,87.40534973144531
2012-05-15,87.40534973144531
2012-05-16,87.40534973144531
2012-05-17,87.40534973144531
2012-05-18,87.40534973144531
2012-05-21,87.40534973144531
2012-05-22,87.36717987060547
2012-05-23,87.36717987060547
2012-05-24,87.40534973144531
2012-05-25,87.40534973144531
2012-05-29,87.40534973144531
2012-05-30,87.40534973144531
2012-05-31,87.40534973144531
2012-06-01,87.40534973144531
2012-06-04,87.40534973144531
2012-06-05,87.40534973144531
2012-06-06,87.38627624511719
2012-06-07,87.38627624511719
2012-06-08,87.38627624511719
2012-06-11,87.38627624511719
2012-06-12,87.40534973144531
2012-06-13,87.40534973144531
2012-06-14,87.40534973144531
2012-06-15,87.38627624511719
2012-06-18,87.40534973144531
2012-06-19,87.36717987060547
2012-06-20,87.36717987060547
2012-06-21,87.40534973144531
2012-06-22,87.38627624511719
2012-06-25,87.40534973144531
2012-06-26,87.40534973144531
2012-06-27,87.38627624511719
2012-06-28,87.40534973144531
2012-06-29,87.36717987060547
2012-07-02,87.36717987060547
2012-07-03,87.36717987060547
2012-07-05,87.36717987060547
2012-07-06,87.36717987060547
2012-07-09,87.36717987060547
2012-07-10,87.36717987060547
2012-07-11,87.36717987060547
2012-07-12,87.36717987060547
2012-07-13,87.38627624511719
2012-07-16,87.36717987060547
2012-07-17,87.36717987060547
2012-07-18,87.36717987060547
2012-07-19,87.38627624511719
2012-07-20,87.36717987060547
2012-07-23,87.36717987060547
2012-07-24,87.38627624511719
2012-07-25,87.40534973144531
2012-07-26,87.38627624511719
2012-07-27,87.40534973144531
2012-07-30,87.40534973144531
2012-07-31,87.36717987060547
2012-08-01,87.38627624511719
2012-08-02,87.38627624511719
2012-08-03,87.38627624511719
2012-08-06,87.40534973144531
2012-08-07,87.38627624511719
2012-08-08,87.36717987060547
2012-08-09,87.36717987060547
2012-08-10,87.36717987060547
2012-08-13,87.36717987060547
2012-08-14,87.36717987060547
2012-08-15,87.36717987060547
2012-08-16,87.36717987060547
2012-08-17,87.36717987060547
2012-08-20,87.36717987060547
2012-08-21,87.36717987060547
2012-08-22,87.36717987060547
2012-08-23,87.36717987060547
2012-08-24,87.36717987060547
2012-08-27,87.36717987060547
2012-08-28,87.36717987060547
2012-08-29,87.36717987060547
2012-08-30,87.36717987060547
2012-08-31,87.36717987060547
2012-09-04,87.36717987060547
2012-09-05,87.38627624511719
2012-09-06,87.38627624511719
2012-09-07,87.36717987060547
2012-09-10,87.36717987060547
2012-09-11,87.36717987060547
2012-09-12,87.36717987060547
2012-09-13,87.36717987060547
2012-09-14,87.36717987060547
2012-09-17,87.36717987060547
2012-09-18,87.36717987060547
2012-09-19,87.36717987060547
2012-09-20,87.36717987060547
2012-09-21,87.36717987060547
2012-09-24,87.36717987060547
2012-09-25,87.36717987060547
2012-09-26,87.36717987060547
2012-09-27,87.38627624511719
2012-09-28,87.36717987060547
2012-10-01,87.36717987060547
2012-10-02,87.38627624511719
2012-10-03,87.36717987060547
2012-10-04,87.36717987060547
2012-10-05,87.36717987060547
2012-10-08,87.36717987060547
2012-10-09,87.36717987060547
2012-10-10,87.38627624511719
2012-10-11,87.38627624511719
2012-10-12,87.36717987060547
2012-10-15,87.38627624511719
2012-10-16,87.36717987060547
2012-10-17,87.38627624511719
2012-10-18,87.36717987060547
2012-10-19,87.36717987060547
2012-10-22,87.36717987060547
2012-10-23,87.38627624511719
2012-10-24,87.38627624511719
2012-10-25,87.36717987060547
2012-10-26,87.36717987060547
2012-10-31,87.38627624511719
2012-11-01,87.38627624511719
2012-11-02,87.38627624511719
2012-11-05,87.36717987060547
2012-11-06,87.36717987060547
2012-11-07,87.38627624511719
2012-11-08,87.38627624511719
2012-11-09,87.38627624511719
2012-11-12,87.38627624511719
2012-11-13,87.38627624511719
2012-11-14,87.38627624511719
2012-11-15,87.38627624511719
2012-11-16,87.38627624511719
2012-11-19,87.38627624511719
2012-11-20,87.36717987060547
2012-11-21,87.36717987060547
2012-11-23,87.36717987060547
2012-11-26,87.36717987060547
2012-11-27,87.36717987060547
2012-11-28,87.36717987060547
2012-11-29,87.36717987060547
2012-11-30,87.36717987060547
2012-12-03,87.36717987060547
2012-12-04,87.36717987060547
2012-12-05,87.36717987060547
2012-12-06,87.36717987060547
2012-12-07,87.36717987060547
2012-12-10,87.36717987060547
2012-12-11,87.36717987060547
2012-12-12,87.36717987060547
2012-12-13,87.36717987060547
2012-12-14,87.36717987060547
2012-12-17,87.36717987060547
2012-12-18,87.38627624511719
2012-12-19,87.36717987060547
2012-12-20,87.36717987060547
2012-12-21,87.36717987060547
2012-12-24,87.36717987060547
2012-12-26,87.36717987060547
2012-12-27,87.36717987060547
2012-12-28,87.38627624511719
2012-12-31,87.36717987060547
2013-01-02,87.36717987060547
2013-01-03,87.36717987060547
2013-01-04,87.38627624511719
2013-01-07,87.34811401367188
2013-01-08,87.34811401367188
2013-01-09,87.34811401367188
2013-01-10,87.34811401367188
2013-01-11,87.34811401367188
2013-01-14,87.34811401367188
2013-01-15,87.34811401367188
2013-01-16,87.34811401367188
2013-01-17,87.36717987060547
2013-01-18,87.34811401367188
2013-01-22,87.34811401367188
2013-01-23,87.34811401367188
2013-01-24,87.36717987060547
2013-01-25,87.34811401367188
2013-01-28,87.34811401367188
2013-01-29,87.34811401367188
2013-01-30,87.34811401367188
2013-01-31,87.36717987060547
2013-02-01,87.34811401367188
2013-02-04,87.34811401367188
2013-02-05,87.36717987060547
2013-02-06,87.36717987060547
2013-02-07,87.36717987060547
2013-02-08,87.36717987060547
2013-02-11,87.36717987060547
2013-02-12,87.36717987060547
2013-02-13,87.34811401367188
2013-02-14,87.36717987060547
2013-02-15,87.34811401367188
2013-02-19,87.34811401367188
2013-02-20,87.36717987060547
2013-02-21,87.34811401367188
2013-02-22,87.36717987060547
2013-02-25,87.34811401367188
2013-02-26,87.34811401367188
2013-02-27,87.36717987060547
2013-02-28,87.36717987060547
2013-03-01,87.36717987060547
2013-03-04,87.34811401367188
2013-03-05,87.36717987060547
2013-03-06,87.34811401367188
2013-03-07,87.36717987060547
2013-03-08,87.34811401367188
2013-03-11,87.36717987060547
2013-03-12,87.34811401367188
2013-03-13,87.36717987060547
2013-03-14,87.36717987060547
2013-03-15,87.36717987060547
2013-03-18,87.34811401367188
2013-03-19,87.34811401367188
2013-03-20,87.34811401367188
2013-03-21,87.34811401367188
2013-03-22,87.36717987060547
2013-03-25,87.34811401367188
2013-03-26,87.36717987060547
2013-03-27,87.34811401367188
2013-03-28,87.36717987060547
2013-04-01,87.34811401367188
2013-04-02,87.36717987060547
2013-04-03,87.34811401367188
2013-04-04,87.34811401367188
2013-04-05,87.36717987060547
2013-04-08,87.36717987060547
2013-04-09,87.36717987060547
2013-04-10,87.36717987060547
2013-04-11,87.34811401367188
2013-04-12,87.36717987060547
2013-04-15,87.36717987060547
2013-04-16,87.36717987060547
2013-04-17,87.36717987060547
2013-04-18,87.34811401367188
2013-04-19,87.36717987060547
2013-04-22,87.36717987060547
2013-04-23,87.36717987060547
2013-04-24,87.36717987060547
2013-04-25,87.34811401367188
2013-04-26,87.34811401367188
2013-04-29,87.34811401367188
2013-04-30,87.34811401367188
2013-05-01,87.34811401367188
2013-05-02,87.36717987060547
2013-05-03,87.34811401367188
2013-05-06,87.34811401367188
2013-05-07,87.34811401367188
2013-05-08,87.36717987060547
2013-05-09,87.36717987060547
2013-05-10,87.34811401367188
2013-05-13,87.36717987060547
2013-05-14,87.34811401367188
2013-05-15,87.34811401367188
2013-05-16,87.34811401367188
2013-05-17,87.36717987060547
2013-05-20,87.34811401367188
2013-05-21,87.36717987060547
2013-05-22,87.36717987060547
2013-05-23,87.36717987060547
2013-05-24,87.36717987060547
2013-05-28,87.34811401367188
2013-05-29,87.36717987060547
2013-05-30,87.34811401367188
2013-05-31,87.36717987060547
2013-06-03,87.36717987060547
2013-06-04,87.36717987060547
2013-06-05,87.36717987060547
2013-06-06,87.34811401367188
2013-06-07,87.36717987060547
2013-06-10,87.34811401367188
2013-06-11,87.36717987060547
2013-06-12,87.34811401367188
2013-06-13,87.36717987060547
2013-06-14,87.34811401367188
2013-06-17,87.34811401367188
2013-06-18,87.34811401367188
2013-06-19,87.34811401367188
2013-06-20,87.34811401367188
2013-06-21,87.36717987060547
2013-06-24,87.36717987060547
2013-06-25,87.36717987060547
2013-06-26,87.36717987060547
2013-06-27,87.34811401367188
2013-06-28,87.34811401367188
2013-07-01,87.36717987060547
2013-07-02,87.34811401367188
2013-07-03,87.36717987060547
2013-07-05,87.36717987060547
2013-07-08,87.32907104492188
2013-07-09,87.32907104492188
2013-07-10,87.32907104492188
2013-07-11,87.32907104492188
2013-07-12,87.32907104492188
2013-07-15,87.32907104492188
2013-07-16,87.32907104492188
2013-07-17,87.32907104492188
2013-07-18,87.34811401367188
2013-07-19,87.34811401367188
2013-07-22,87.34811401367188
2013-07-23,87.34811401367188
2013-07-24,87.36717987060547
2013-07-25,87.32907104492188
2013-07-26,87.32907104492188
2013-07-29,87.34811401367188
2013-07-30,87.32907104492188
2013-07-31,87.34811401367188
2013-08-01,87.32907104492188
2013-08-02,87.34811401367188
2013-08-05,87.34811401367188
2013-08-06,87.34811401367188
2013-08-07,87.32907104492188
2013-08-08,87.32907104492188
2013-08-09,87.34811401367188
2013-08-12,87.34811401367188
2013-08-13,87.34811401367188
2013-08-14,87.34811401367188
2013-08-15,87.34811401367188
2013-08-16,87.34811401367188
2013-08-19,87.32907104492188
2013-08-20,87.34811401367188
2013-08-21,87.34811401367188
2013-08-22,87.32907104492188
2013-08-23,87.34811401367188
2013-08-26,87.32907104492188
2013-08-27,87.32907104492188
2013-08-28,87.32907104492188
2013-08-29,87.34811401367188
2013-08-30,87.34811401367188
2013-09-03,87.34811401367188
2013-09-04,87.34811401367188
2013-09-05,87.34811401367188
2013-09-06,87.34811401367188
2013-09-09,87.30999755859375
2013-09-10,87.32907104492188
2013-09-11,87.32907104492188
2013-09-12,87.32907104492188
2013-09-13,87.34811401367188
2013-09-16,87.32907104492188
2013-09-17,87.32907104492188
2013-09-18,87.34811401367188
2013-09-19,87.34811401367188
2013-09-20,87.32907104492188
2013-09-23,87.32907104492188
2013-09-24,87.32907104492188
2013-09-25,87.32907104492188
2013-09-26,87.32907104492188
2013-09-27,87.32907104492188
2013-09-30,87.32907104492188
2013-10-01,87.34811401367188
2013-10-02,87.34811401367188
2013-10-03,87.34811401367188
2013-10-04,87.34811401367188
2013-10-07,87.34811401367188
2013-10-08,87.34811401367188
2013-10-09,87.32907104492188
2013-10-10,87.30999755859375
2013-10-11,87.29094696044922
2013-10-14,87.29094696044922
2013-10-15,87.29094696044922
2013-10-16,87.30999755859375
2013-10-17,87.30999755859375
2013-10-18,87.32907104492188
2013-10-21,87.32907104492188
2013-10-22,87.32907104492188
2013-10-23,87.32907104492188
2013-10-24,87.30999755859375
2013-10-25,87.32907104492188
2013-10-28,87.32907104492188
2013-10-29,87.30999755859375
2013-10-30,87.30999755859375
2013-10-31,87.30999755859375
2013-11-01,87.30999755859375
2013-11-04,87.30999755859375
2013-11-05,87.30999755859375
2013-11-06,87.32907104492188
2013-11-07,87.30999755859375
2013-11-08,87.30999755859375
2013-11-11,87.32907104492188
2013-11-12,87.32907104492188
2013-11-13,87.32907104492188
2013-11-14,87.30999755859375
2013-11-15,87.30999755859375
2013-11-18,87.30999755859375
2013-11-19,87.30999755859375
2013-11-20,87.30999755859375
2013-11-21,87.32907104492188
2013-11-22,87.30999755859375
2013-11-25,87.30999755859375
2013-11-26,87.30999755859375
2013-11-27,87.32907104492188
2013-11-29,87.29094696044922
2013-12-02,87.30999755859375
2013-12-03,87.32907104492188
2013-12-04,87.32907104492188
2013-12-05,87.32907104492188
2013-12-06,87.32907104492188
2013-12-09,87.32907104492188
2013-12-10,87.30999755859375
2013-12-11,87.32907104492188
2013-12-12,87.32907104492188
2013-12-13,87.32907104492188
2013-12-16,87.30999755859375
2013-12-17,87.30999755859375
2013-12-18,87.32907104492188
2013-12-19,87.32907104492188
2013-12-20,87.30999755859375
2013-12-23,87.30999755859375
2013-12-24,87.30999755859375
2013-12-26,87.30999755859375
2013-12-27,87.32907104492188
2013-12-30,87.32907104492188
2013-12-31,87.29094696044922
2014-01-02,87.29094696044922
2014-01-03,87.30999755859375
2014-01-06,87.29094696044922
2014-01-07,87.30999755859375
2014-01-08,87.30999755859375
2014-01-09,87.29094696044922
2014-01-10,87.30999755859375
2014-01-13,87.30999755859375
2014-01-14,87.30999755859375
2014-01-15,87.30999755859375
2014-01-16,87.30999755859375
2014-01-17,87.29094696044922
2014-01-21,87.30999755859375
2014-01-22,87.30999755859375
2014-01-23,87.30999755859375
2014-01-24,87.29094696044922
2014-01-27,87.29094696044922
2014-01-28,87.29094696044922
2014-01-29,87.30999755859375
2014-01-30,87.30999755859375
2014-01-31,87.29094696044922
2014-02-03,87.29094696044922
2014-02-04,87.30999755859375
2014-02-05,87.29094696044922
2014-02-06,87.29094696044922
2014-02-07,87.30999755859375
2014-02-10,87.29094696044922
2014-02-11,87.29094696044922
2014-02-12,87.30999755859375
2014-02-13,87.30999755859375
2014-02-14,87.30999755859375
2014-02-18,87.29094696044922
2014-02-19,87.30999755859375
2014-02-20,87.30999755859375
2014-02-21,87.29094696044922
2014-02-24,87.30999755859375
2014-02-25,87.30999755859375
2014-02-26,87.30999755859375
2014-02-27,87.29094696044922
2014-02-28,87.30999755859375
2014-03-03,87.30999755859375
2014-03-04,87.29094696044922
2014-03-05,87.30999755859375
2014-03-06,87.30999755859375
2014-03-07,87.29094696044922
2014-03-10,87.29094696044922
2014-03-11,87.29094696044922
2014-03-12,87.29094696044922
2014-03-13,87.29094696044922
2014-03-14,87.29094696044922
2014-03-17,87.29094696044922
2014-03-18,87.29094696044922
2014-03-19,87.30999755859375
2014-03-20,87.29094696044922
2014-03-21,87.30999755859375
2014-03-24,87.30999755859375
2014-03-25,87.30999755859375
2014-03-26,87.29094696044922
2014-03-27,87.29094696044922
2014-03-28,87.29094696044922
2014-03-31,87.29094696044922
2014-04-01,87.29094696044922
2014-04-02,87.29094696044922
2014-04-03,87.30999755859375
2014-04-04,87.29094696044922
2014-04-07,87.29094696044922
2014-04-08,87.29094696044922
2014-04-09,87.29094696044922
2014-04-10,87.29094696044922
2014-04-11,87.29094696044922
2014-04-14,87.29094696044922
2014-04-15,87.29094696044922
2014-04-16,87.29094696044922
2014-04-17,87.30999755859375
2014-04-21,87.29094696044922
2014-04-22,87.27184295654297
2014-04-23,87.29094696044922
2014-04-24,87.29094696044922
2014-04-25,87.29094696044922
2014-04-28,87.29094696044922
2014-04-29,87.29094696044922
2014-04-30,87.29094696044922
2014-05-01,87.27184295654297
2014-05-02,87.29094696044922
2014-05-05,87.29094696044922
2014-05-06,87.27184295654297
2014-05-07,87.27184295654297
2014-05-08,87.27184295654297
2014-05-09,87.29094696044922
2014-05-12,87.27184295654297
2014-05-13,87.29094696044922
2014-05-14,87.29094696044922
2014-05-15,87.29094696044922
2014-05-16,87.29094696044922
2014-05-19,87.29094696044922
2014-05-20,87.29094696044922
2014-05-21,87.27184295654297
2014-05-22,87.27184295654297
2014-05-23,87.29094696044922
2014-05-27,87.27184295654297
2014-05-28,87.29094696044922
2014-05-29,87.27184295654297
2014-05-30,87.29094696044922
2014-06-02,87.27184295654297
2014-06-03,87.27184295654297
2014-06-04,87.27184295654297
2014-06-05,87.27184295654297
2014-06-06,87.27184295654297
2014-06-09,87.29094696044922
2014-06-10,87.29094696044922
2014-06-11,87.27184295654297
2014-06-12,87.29094696044922
2014-06-13,87.27184295654297
2014-06-16,87.29094696044922
2014-06-17,87.27184295654297
2014-06-18,87.29094696044922
2014-06-19,87.29094696044922
2014-06-20,87.29094696044922
2014-06-23,87.29094696044922
2014-06-24,87.29094696044922
2014-06-25,87.27184295654297
2014-06-26,87.27184295654297
2014-06-27,87.29094696044922
2014-06-30,87.27184295654297
2014-07-01,87.29094696044922
2014-07-02,87.29094696044922
2014-07-03,87.27184295654297
2014-07-07,87.29094696044922
2014-07-08,87.29094696044922
2014-07-09,87.27184295654297
2014-07-10,87.27184295654297
2014-07-11,87.27184295654297
2014-07-14,87.27184295654297
2014-07-15,87.27184295654297
2014-07-16,87.27184295654297
2014-07-17,87.27184295654297
2014-07-18,87.25275421142578
2014-07-21,87.27184295654297
2014-07-22,87.25275421142578
2014-07-23,87.27184295654297
2014-07-24,87.27184295654297
2014-07-25,87.27184295654297
2014-07-28,87.27184295654297
2014-07-29,87.27184295654297
2014-07-30,87.27184295654297
2014-07-31,87.25275421142578
2014-08-01,87.27184295654297
2014-08-04,87.27184295654297
2014-08-05,87.25275421142578
2014-08-06,87.25275421142578
2014-08-07,87.27184295654297
2014-08-08,87.25275421142578
2014-08-11,87.25275421142578
2014-08-12,87.25275421142578
2014-08-13,87.27184295654297
2014-08-14,87.25275421142578
2014-08-15,87.27184295654297
2014-08-18,87.25275421142578
2014-08-19,87.27184295654297
2014-08-20,87.25275421142578
2014-08-21,87.27184295654297
2014-08-22,87.27184295654297
2014-08-25,87.27184295654297
2014-08-26,87.27184295654297
2014-08-27,87.25275421142578
2014-08-28,87.27184295654297
2014-08-29,87.27184295654297
2014-09-02,87.25275421142578
2014-09-03,87.27184295654297
2014-09-04,87.25275421142578
2014-09-05,87.27184295654297
2014-09-08,87.25275421142578
2014-09-09,87.25275421142578
2014-09-10,87.27184295654297
2014-09-11,87.25275421142578
2014-09-12,87.25275421142578
2014-09-15,87.25275421142578
2014-09-16,87.25275421142578
2014-09-17,87.25275421142578
2014-09-18,87.27184295654297
2014-09-19,87.27184295654297
2014-09-22,87.27184295654297
2014-09-23,87.27184295654297
2014-09-24,87.27184295654297
2014-09-25,87.27184295654297
2014-09-26,87.27184295654297
2014-09-29,87.25275421142578
2014-09-30,87.27184295654297
2014-10-01,87.27184295654297
2014-10-02,87.27184295654297
2014-10-03,87.23370361328125
2014-10-06,87.23370361328125
2014-10-07,87.25275421142578
2014-10-08,87.25275421142578
2014-10-09,87.25275421142578
2014-10-10,87.25275421142578
2014-10-13,87.25275421142578
2014-10-14,87.23370361328125
2014-10-15,87.23370361328125
2014-10-16,87.25275421142578
2014-10-17,87.25275421142578
2014-10-20,87.25275421142578
2014-10-21,87.23370361328125
2014-10-22,87.25275421142578
2014-10-23,87.23370361328125
2014-10-24,87.23370361328125
2014-10-27,87.23370361328125
2014-10-28,87.23370361328125
2014-10-29,87.25275421142578
2014-10-30,87.23370361328125
2014-10-31,87.25275421142578
2014-11-03,87.23370361328125
2014-11-04,87.25275421142578
2014-11-05,87.23370361328125
2014-11-06,87.25275421142578
2014-11-07,87.23370361328125
2014-11-10,87.25275421142578
2014-11-11,87.25275421142578
2014-11-12,87.25275421142578
2014-11-13,87.23370361328125
2014-11-14,87.23370361328125
2014-11-17,87.25275421142578
2014-11-18,87.23370361328125
2014-11-19,87.23370361328125
2014-11-20,87.23370361328125
2014-11-21,87.23370361328125
2014-11-24,87.25275421142578
2014-11-25,87.25275421142578
2014-11-26,87.23370361328125
2014-11-28,87.25275421142578
2014-12-01,87.23370361328125
2014-12-02,87.23370361328125
2014-12-03,87.23370361328125
2014-12-04,87.23370361328125
2014-12-05,87.25275421142578
2014-12-08,87.25275421142578
2014-12-09,87.23370361328125
2014-12-10,87.23370361328125
2014-12-11,87.23370361328125
2014-12-12,87.25275421142578
2014-12-15,87.21461486816406
2014-12-16,87.21461486816406
2014-12-17,87.21461486816406
2014-12-18,87.23370361328125
2014-12-19,87.21461486816406
2014-12-22,87.21461486816406
2014-12-23,87.21461486816406
2014-12-24,87.23370361328125
2014-12-26,87.21461486816406
2014-12-29,87.21461486816406
2014-12-30,87.21461486816406
2014-12-31,87.23370361328125
2015-01-02,87.21461486816406
2015-01-05,87.23370361328125
2015-01-06,87.21461486816406
2015-01-07,87.21461486816406
2015-01-08,87.21461486816406
2015-01-09,87.21461486816406
2015-01-12,87.21461486816406
2015-01-13,87.21461486816406
2015-01-14,87.21461486816406
2015-01-15,87.21461486816406
2015-01-16,87.21461486816406
2015-01-20,87.21461486816406
2015-01-21,87.23370361328125
2015-01-22,87.21461486816406
2015-01-23,87.23370361328125
2015-01-26,87.23370361328125
2015-01-27,87.23370361328125
2015-01-28,87.21461486816406
2015-01-29,87.21461486816406
2015-01-30,87.21461486816406
2015-02-02,87.21461486816406
2015-02-03,87.23370361328125
2015-02-04,87.21461486816406
2015-02-05,87.21461486816406
2015-02-06,87.21461486816406
2015-02-09,87.195556640625
2015-02-10,87.21461486816406
2015-02-11,87.195556640625
2015-02-12,87.195556640625
2015-02-13,87.21461486816406
2015-02-17,87.21461486816406
2015-02-18,87.21461486816406
2015-02-19,87.21461486816406
2015-02-20,87.195556640625
2015-02-23,87.21461486816406
2015-02-24,87.195556640625
2015-02-25,87.21461486816406
2015-02-26,87.195556640625
2015-02-27,87.21461486816406
2015-03-02,87.195556640625
2015-03-03,87.21461486816406
2015-03-04,87.21461486816406
2015-03-05,87.21461486816406
2015-03-06,87.195556640625
2015-03-09,87.21461486816406
2015-03-10,87.21461486816406
2015-03-11,87.21461486816406
2015-03-12,87.195556640625
2015-03-13,87.21461486816406
2015-03-16,87.21461486816406
2015-03-17,87.21461486816406
2015-03-18,87.21461486816406
2015-03-19,87.21461486816406
2015-03-20,87.21461486816406
2015-03-23,87.195556640625
2015-03-24,87.21461486816406
2015-03-25,87.195556640625
2015-03-26,87.195556640625
2015-03-27,87.195556640625
2015-03-30,87.17648315429688
2015-03-31,87.21461486816406
2015-04-01,87.17648315429688
2015-04-02,87.195556640625
2015-04-06,87.195556640625
2015-04-07,87.21461486816406
2015-04-08,87.21461486816406
2015-04-09,87.195556640625
2015-04-10,87.195556640625
2015-04-13,87.17648315429688
2015-04-14,87.195556640625
2015-04-15,87.17648315429688
2015-04-16,87.195556640625
2015-04-17,87.17648315429688
2015-04-20,87.17648315429688
2015-04-21,87.195556640625
2015-04-22,87.17648315429688
2015-04-23,87.17648315429688
2015-04-24,87.17648315429688
2015-04-27,87.195556640625
2015-04-28,87.195556640625
2015-04-29,87.195556640625
2015-04-30,87.195556640625
2015-05-01,87.17648315429688
2015-05-04,87.195556640625
2015-05-05,87.195556640625
2015-05-06,87.195556640625
2015-05-07,87.17648315429688
2015-05-08,87.195556640625
2015-05-11,87.17648315429688
2015-05-12,87.195556640625
2015-05-13,87.195556640625
2015-05-14,87.17648315429688
2015-05-15,87.17648315429688
2015-05-18,87.17648315429688
2015-05-19,87.17648315429688
2015-05-20,87.17648315429688
2015-05-21,87.195556640625
2015-05-22,87.195556640625
2015-05-26,87.195556640625
2015-05-27,87.195556640625
2015-05-28,87.17648315429688
2015-05-29,87.17648315429688
2015-06-01,87.17648315429688
2015-06-02,87.195556640625
2015-06-03,87.195556640625
2015-06-04,87.17648315429688
2015-06-05,87.17648315429688
2015-06-08,87.15740966796875
2015-06-09,87.15740966796875
2015-06-10,87.17648315429688
2015-06-11,87.195556640625
2015-06-12,87.17648315429688
2015-06-15,87.195556640625
2015-06-16,87.15740966796875
2015-06-17,87.195556640625
2015-06-18,87.15740966796875
2015-06-19,87.15740966796875
2015-06-22,87.17648315429688
2015-06-23,87.15740966796875
2015-06-24,87.15740966796875
2015-06-25,87.17648315429688
2015-06-26,87.15740966796875
2015-06-29,87.17648315429688
2015-06-30,87.17648315429688
2015-07-01,87.17648315429688
2015-07-02,87.17648315429688
2015-07-06,87.17648315429688
2015-07-07,87.15740966796875
2015-07-08,87.15740966796875
2015-07-09,87.15740966796875
2015-07-10,87.15740966796875
2015-07-13,87.15740966796875
2015-07-14,87.17648315429688
2015-07-15,87.15740966796875
2015-07-16,87.15740966796875
2015-07-17,87.17648315429688
2015-07-20,87.15740966796875
2015-07-21,87.17648315429688
2015-07-22,87.15740966796875
2015-07-23,87.15740966796875
2015-07-24,87.17648315429688
2015-07-27,87.15740966796875
2015-07-28,87.15740966796875
2015-07-29,87.17648315429688
2015-07-30,87.17648315429688
2015-07-31,87.17648315429688
2015-08-03,87.17648315429688
2015-08-04,87.15740966796875
2015-08-05,87.15740966796875
2015-08-06,87.15740966796875
2015-08-07,87.15740966796875
2015-08-10,87.17648315429688
2015-08-11,87.15740966796875
2015-08-12,87.15740966796875
2015-08-13,87.15740966796875
2015-08-14,87.13835144042969
2015-08-17,87.13835144042969
2015-08-18,87.15740966796875
2015-08-19,87.17648315429688
2015-08-20,87.15740966796875
2015-08-21,87.15740966796875
2015-08-24,87.15740966796875
2015-08-25,87.15740966796875
2015-08-26,87.17648315429688
2015-08-27,87.15740966796875
2015-08-28,87.17648315429688
2015-08-31,87.17648315429688
2015-09-01,87.17648315429688
2015-09-02,87.15740966796875
2015-09-03,87.17648315429688
2015-09-04,87.15740966796875
2015-09-08,87.15740966796875
2015-09-09,87.15740966796875
2015-09-10,87.13835144042969
2015-09-11,87.15740966796875
2015-09-14,87.15740966796875
2015-09-15,87.13835144042969
2015-09-16,87.13835144042969
2015-09-17,87.13835144042969
2015-09-18,87.13835144042969
2015-09-21,87.15740966796875
2015-09-22,87.15740966796875
2015-09-23,87.13835144042969
2015-09-24,87.13835144042969
2015-09-25,87.13835144042969
2015-09-28,87.15740966796875
2015-09-29,87.15740966796875
2015-09-30,87.13835144042969
2015-10-01,87.15740966796875
2015-10-02,87.15740966796875
2015-10-05,87.13835144042969
2015-10-06,87.13835144042969
2015-10-07,87.13835144042969
2015-10-08,87.13835144042969
2015-10-09,87.13835144042969
2015-10-12,87.13835144042969
2015-10-13,87.13835144042969
2015-10-14,87.13835144042969
2015-10-15,87.13835144042969
2015-10-16,87.13835144042969
2015-10-19,87.13835144042969
2015-10-20,87.11927032470703
2015-10-21,87.13835144042969
2015-10-22,87.13835144042969
2015-10-23,87.13835144042969
2015-10-26,87.11927032470703
2015-10-27,87.11927032470703
2015-10-28,87.11927032470703
2015-10-29,87.11927032470703
2015-10-30,87.11927032470703
2015-11-02,87.11927032470703
2015-11-03,87.13835144042969
2015-11-04,87.11927032470703
2015-11-05,87.11927032470703
2015-11-06,87.11927032470703
2015-11-09,87.13835144042969
2015-11-10,87.11927032470703
2015-11-11,87.13835144042969
2015-11-12,87.13835144042969
2015-11-13,87.11927032470703
2015-11-16,87.13835144042969
2015-11-17,87.11927032470703
2015-11-18,87.11927032470703
2015-11-19,87.13835144042969
2015-11-20,87.11927032470703
2015-11-23,87.13835144042969
2015-11-24,87.11927032470703
2015-11-25,87.11927032470703
2015-11-27,87.13835144042969
2015-11-30,87.13835144042969
2015-12-01,87.11927032470703
2015-12-02,87.11927032470703
2015-12-03,87.13835144042969
2015-12-04,87.13835144042969
2015-12-07,87.13835144042969
2015-12-08,87.11927032470703
2015-12-09,87.1001968383789
2015-12-10,87.11927032470703
2015-12-11,87.13835144042969
2015-12-14,87.13835144042969
2015-12-15,87.11927032470703
2015-12-16,87.13835144042969
2015-12-17,87.11927032470703
2015-12-18,87.13835144042969
2015-12-21,87.11927032470703
2015-12-22,87.11927032470703
2015-12-23,87.11927032470703
2015-12-24,87.13835144042969
2015-12-28,87.11927032470703
2015-12-29,87.11927032470703
2015-12-30,87.13835144042969
2015-12-31,87.11927032470703
2016-01-04,87.13835144042969
2016-01-05,87.13835144042969
2016-01-06,87.1001968383789
2016-01-07,87.11927032470703
2016-01-08,87.11927032470703
2016-01-11,87.11927032470703
2016-01-12,87.13835144042969
2016-01-13,87.11927032470703
2016-01-14,87.1001968383789
2016-01-15,87.1001968383789
2016-01-19,87.11927032470703
2016-01-20,87.11927032470703
2016-01-21,87.13835144042969
2016-01-22,87.1001968383789
2016-01-25,87.11927032470703
2016-01-26,87.1001968383789
2016-01-27,87.11927032470703
2016-01-28,87.11927032470703
2016-01-29,87.13835144042969
2016-02-01,87.1001968383789
2016-02-02,87.1001968383789
2016-02-03,87.11927032470703
2016-02-04,87.13835144042969
2016-02-05,87.13835144042969
2016-02-08,87.11927032470703
2016-02-09,87.13835144042969
2016-02-10,87.11927032470703
2016-02-11,87.13835144042969
2016-02-12,87.11927032470703
2016-02-16,87.11927032470703
2016-02-17,87.11927032470703
2016-02-18,87.13835144042969
2016-02-19,87.13835144042969
2016-02-22,87.13835144042969
2016-02-23,87.11927032470703
2016-02-24,87.13835144042969
2016-02-25,87.11927032470703
2016-02-26,87.11927032470703
2016-02-29,87.13835144042969
2016-03-01,87.13835144042969
2016-03-02,87.11927032470703
2016-03-03,87.13835144042969
2016-03-04,87.13835144042969
2016-03-07,87.13835144042969
2016-03-08,87.11927032470703
2016-03-09,87.13835144042969
2016-03-10,87.13835144042969
2016-03-11,87.11927032470703
2016-03-14,87.11927032470703
2016-03-15,87.11927032470703
2016-03-16,87.13835144042969
2016-03-17,87.11927032470703
2016-03-18,87.11927032470703
2016-03-21,87.13835144042969
2016-03-22,87.13835144042969
2016-03-23,87.11927032470703
2016-03-24,87.13835144042969
2016-03-28,87.13835144042969
2016-03-29,87.13835144042969
2016-03-30,87.13835144042969
2016-03-31,87.13835144042969
2016-04-01,87.13835144042969
2016-04-04,87.13835144042969
2016-04-05,87.15740966796875
2016-04-06,87.15740966796875
2016-04-07,87.13835144042969
2016-04-08,87.15740966796875
2016-04-11,87.13835144042969
2016-04-12,87.13835144042969
2016-04-13,87.15740966796875
2016-04-14,87.15740966796875
2016-04-15,87.13835144042969
2016-04-18,87.15740966796875
2016-04-19,87.15740966796875
2016-04-20,87.15740966796875
2016-04-21,87.13835144042969
2016-04-22,87.15740966796875
2016-04-25,87.13835144042969
2016-04-26,87.15740966796875
2016-04-27,87.15740966796875
2016-04-28,87.15740966796875
2016-04-29,87.17648315429688
2016-05-02,87.15740966796875
2016-05-03,87.17648315429688
2016-05-04,87.15740966796875
2016-05-05,87.15740966796875
2016-05-06,87.17648315429688
2016-05-09,87.17648315429688
2016-05-10,87.17648315429688
2016-05-11,87.13835144042969
2016-05-12,87.13835144042969
2016-05-13,87.13835144042969
2016-05-16,87.13835144042969
2016-05-17,87.13835144042969
2016-05-18,87.15740966796875
2016-05-19,87.13835144042969
2016-05-20,87.15740966796875
2016-05-23,87.17648315429688
2016-05-24,87.13835144042969
2016-05-25,87.15740966796875
2016-05-26,87.15740966796875
2016-05-27,87.17648315429688
2016-05-31,87.17648315429688
2016-06-01,87.17648315429688
2016-06-02,87.15740966796875
2016-06-03,87.17648315429688
2016-06-06,87.195556640625
2016-06-07,87.195556640625
2016-06-08,87.195556640625
2016-06-09,87.15740966796875
2016-06-10,87.15740966796875
2016-06-13,87.15740966796875
2016-06-14,87.15740966796875
2016-06-15,87.15740966796875
2016-06-16,87.17648315429688
2016-06-17,87.15740966796875
2016-06-20,87.17648315429688
2016-06-21,87.17648315429688
2016-06-22,87.17648315429688
2016-06-23,87.17648315429688
2016-06-24,87.15740966796875
2016-06-27,87.15740966796875
2016-06-28,87.15740966796875
2016-06-29,87.15740966796875
2016-06-30,87.15740966796875
2016-07-01,87.195556640625
2016-07-05,87.195556640625
2016-07-06,87.17648315429688
2016-07-07,87.195556640625
2016-07-08,87.17648315429688
2016-07-11,87.195556640625
2016-07-12,87.15740966796875
2016-07-13,87.17648315429688
2016-07-14,87.195556640625
2016-07-15,87.17648315429688
2016-07-18,87.17648315429688
2016-07-19,87.195556640625
2016-07-20,87.195556640625
2016-07-21,87.195556640625
2016-07-22,87.195556640625
2016-07-25,87.17648315429688
2016-07-26,87.17648315429688
2016-07-27,87.195556640625
2016-07-28,87.17648315429688
2016-07-29,87.195556640625
2016-08-01,87.17648315429688
2016-08-02,87.195556640625
2016-08-03,87.17648315429688
2016-08-04,87.17648315429688
2016-08-05,87.17648315429688
2016-08-08,87.17648315429688
2016-08-09,87.17648315429688
2016-08-10,87.17648315429688
2016-08-11,87.17648315429688
2016-08-12,87.17648315429688
2016-08-15,87.17648315429688
2016-08-16,87.17648315429688
2016-08-17,87.17648315429688
2016-08-18,87.195556640625
2016-08-19,87.17648315429688
2016-08-22,87.17648315429688
2016-08-23,87.17648315429688
2016-08-24,87.195556640625
2016-08-25,87.17648315429688
2016-08-26,87.17648315429688
2016-08-29,87.195556640625
2016-08-30,87.195556640625
2016-08-31,87.195556640625
2016-09-01,87.195556640625
2016-09-02,87.21461486816406
2016-09-06,87.21461486816406
2016-09-07,87.195556640625
2016-09-08,87.195556640625
2016-09-09,87.21461486816406
2016-09-12,87.17648315429688
2016-09-13,87.195556640625
2016-09-14,87.195556640625
2016-09-15,87.195556640625
2016-09-16,87.195556640625
2016-09-19,87.195556640625
2016-09-20,87.195556640625
2016-09-21,87.195556640625
2016-09-22,87.21461486816406
2016-09-23,87.21461486816406
2016-09-26,87.21461486816406
2016-09-27,87.195556640625
2016-09-28,87.195556640625
2016-09-29,87.195556640625
2016-09-30,87.21461486816406
2016-10-03,87.195556640625
2016-10-04,87.21461486816406
2016-10-05,87.21461486816406
2016-10-06,87.21461486816406
2016-10-07,87.21461486816406
2016-10-10,87.21461486816406
2016-10-11,87.195556640625
2016-10-12,87.21461486816406
2016-10-13,87.195556640625
2016-10-14,87.195556640625
2016-10-17,87.195556640625
2016-10-18,87.195556640625
2016-10-19,87.21461486816406
2016-10-20,87.195556640625
2016-10-21,87.195556640625
2016-10-24,87.195556640625
2016-10-25,87.195556640625
2016-10-26,87.21461486816406
2016-10-27,87.195556640625
2016-10-28,87.21461486816406
2016-10-31,87.23370361328125
2016-11-01,87.21461486816406
2016-11-02,87.23370361328125
2016-11-03,87.21461486816406
2016-11-04,87.23370361328125
2016-11-07,87.21461486816406
2016-11-08,87.23370361328125
2016-11-09,87.195556640625
2016-11-10,87.195556640625
2016-11-11,87.15740966796875
2016-11-14,87.195556640625
2016-11-15,87.21461486816406
2016-11-16,87.21461486816406
2016-11-17,87.23370361328125
2016-11-18,87.21461486816406
2016-11-21,87.195556640625
2016-11-22,87.195556640625
2016-11-23,87.195556640625
2016-11-25,87.21461486816406
2016-11-28,87.195556640625
2016-11-29,87.195556640625
2016-11-30,87.195556640625
2016-12-01,87.23562622070312
2016-12-02,87.21653747558594
2016-12-05,87.21653747558594
2016-12-06,87.23562622070312
2016-12-07,87.23562622070312
2016-12-08,87.23562622070312
2016-12-09,87.23562622070312
2016-12-12,87.21653747558594
2016-12-13,87.23562622070312
2016-12-14,87.23562622070312
2016-12-15,87.23562622070312
2016-12-16,87.21653747558594
2016-12-19,87.23562622070312
2016-12-20,87.21653747558594
2016-12-21,87.23562622070312
2016-12-22,87.21653747558594
2016-12-23,87.21653747558594
2016-12-27,87.23562622070312
2016-12-28,87.23371124267578
2016-12-29,87.25277709960938
2016-12-30,87.21461486816406
2017-01-03,87.25277709960938
2017-01-04,87.25277709960938
2017-01-05,87.23371124267578
2017-01-06,87.25277709960938
2017-01-09,87.25277709960938
2017-01-10,87.23371124267578
2017-01-11,87.25277709960938
2017-01-12,87.25277709960938
2017-01-13,87.25277709960938
2017-01-17,87.25277709960938
2017-01-18,87.23371124267578
2017-01-19,87.23371124267578
2017-01-20,87.25277709960938
2017-01-23,87.23371124267578
2017-01-24,87.23371124267578
2017-01-25,87.25277709960938
2017-01-26,87.2718734741211
2017-01-27,87.23371124267578
2017-01-30,87.2718734741211
2017-01-31,87.25277709960938
2017-02-01,87.2585220336914
2017-02-02,87.2585220336914
2017-02-03,87.23944854736328
2017-02-06,87.27761840820312
2017-02-07,87.27761840820312
2017-02-08,87.27761840820312
2017-02-09,87.27761840820312
2017-02-10,87.2585220336914
2017-02-13,87.2585220336914
2017-02-14,87.27761840820312
2017-02-15,87.2585220336914
2017-02-16,87.2585220336914
2017-02-17,87.27761840820312
2017-02-21,87.2585220336914
2017-02-22,87.2585220336914
2017-02-23,87.2585220336914
2017-02-24,87.2585220336914
2017-02-27,87.2585220336914
2017-02-28,87.29666900634766
2017-03-01,87.26232147216797
2017-03-02,87.26232147216797
2017-03-03,87.28142547607422
2017-03-06,87.300537109375
2017-03-07,87.26232147216797
2017-03-08,87.26232147216797
2017-03-09,87.26232147216797
2017-03-10,87.28142547607422
2017-03-13,87.26232147216797
2017-03-14,87.26232147216797
2017-03-15,87.28142547607422
2017-03-16,87.300537109375
2017-03-17,87.300537109375
2017-03-20,87.28142547607422
2017-03-21,87.300537109375
2017-03-22,87.300537109375
2017-03-23,87.28142547607422
2017-03-24,87.300537109375
2017-03-27,87.300537109375
2017-03-28,87.300537109375
2017-03-29,87.300537109375
2017-03-30,87.300537109375
2017-03-31,87.28142547607422
2017-04-03,87.2890625
2017-04-04,87.2890625
2017-04-05,87.2890625
2017-04-06,87.2890625
2017-04-07,87.2890625
2017-04-10,87.2890625
2017-04-11,87.30816650390625
2017-04-12,87.2890625
2017-04-13,87.30816650390625
2017-04-17,87.30816650390625
2017-04-18,87.32728576660156
2017-04-19,87.32728576660156
2017-04-20,87.32728576660156
2017-04-21,87.32728576660156
2017-04-24,87.30816650390625
2017-04-25,87.30816650390625
2017-04-26,87.32728576660156
2017-04-27,87.30816650390625
2017-04-28,87.34635925292969
2017-05-01,87.34064483642578
2017-05-02,87.321533203125
2017-05-03,87.321533203125
2017-05-04,87.34064483642578
2017-05-05,87.321533203125
2017-05-08,87.34064483642578
2017-05-09,87.34064483642578
2017-05-10,87.35975646972656
2017-05-11,87.35975646972656
2017-05-12,87.34064483642578
2017-05-15,87.35975646972656
2017-05-16,87.35975646972656
2017-05-17,87.37884521484375
2017-05-18,87.37884521484375
2017-05-19,87.35975646972656
2017-05-22,87.37884521484375
2017-05-23,87.37884521484375
2017-05-24,87.35975646972656
2017-05-25,87.37884521484375
2017-05-26,87.3979721069336
2017-05-30,87.35975646972656
2017-05-31,87.35975646972656
2017-06-01,87.39225006103516
2017-06-02,87.37313842773438
2017-06-05,87.39225006103516
2017-06-06,87.37313842773438
2017-06-07,87.41139221191406
2017-06-08,87.39225006103516
2017-06-09,87.41139221191406
2017-06-12,87.39225006103516
2017-06-13,87.41139221191406
2017-06-14,87.39225006103516
2017-06-15,87.39225006103516
2017-06-16,87.43048095703125
2017-06-19,87.41139221191406
2017-06-20,87.41139221191406
2017-06-21,87.43048095703125
2017-06-22,87.44961547851562
2017-06-23,87.43048095703125
2017-06-26,87.41139221191406
2017-06-27,87.41139221191406
2017-06-28,87.44961547851562
2017-06-29,87.43048095703125
2017-06-30,87.44961547851562
2017-07-03,87.45918273925781
2017-07-05,87.44003295898438
2017-07-06,87.45918273925781
2017-07-07,87.45918273925781
2017-07-10,87.45918273925781
2017-07-11,87.45918273925781
2017-07-12,87.44003295898438
2017-07-13,87.44003295898438
2017-07-14,87.4782943725586
2017-07-17,87.45918273925781
2017-07-18,87.45918273925781
2017-07-19,87.45918273925781
2017-07-20,87.45918273925781
2017-07-21,87.45918273925781
2017-07-24,87.45918273925781
2017-07-25,87.45918273925781
2017-07-26,87.4782943725586
2017-07-27,87.49744415283203
2017-07-28,87.4782943725586
2017-07-31,87.4782943725586
2017-08-01,87.50128936767578
2017-08-02,87.5204086303711
2017-08-03,87.5204086303711
2017-08-04,87.5204086303711
2017-08-07,87.5204086303711
2017-08-08,87.5204086303711
2017-08-09,87.5204086303711
2017-08-10,87.5204086303711
2017-08-11,87.53954315185547
2017-08-14,87.5204086303711
2017-08-15,87.53954315185547
2017-08-16,87.5204086303711
2017-08-17,87.53954315185547
2017-08-18,87.5204086303711
2017-08-21,87.53954315185547
2017-08-22,87.55870056152344
2017-08-23,87.55870056152344
2017-08-24,87.55870056152344
2017-08-25,87.53954315185547
2017-08-28,87.55870056152344
2017-08-29,87.55870056152344
2017-08-30,87.55870056152344
2017-08-31,87.57782745361328
2017-09-01,87.5835952758789
2017-09-05,87.54527282714844
2017-09-06,87.5835952758789
2017-09-07,87.5835952758789
2017-09-08,87.564453125
2017-09-11,87.564453125
2017-09-12,87.60274505615234
2017-09-13,87.60274505615234
2017-09-14,87.5835952758789
2017-09-15,87.5835952758789
2017-09-18,87.5835952758789
2017-09-19,87.62191009521484
2017-09-20,87.62191009521484
2017-09-21,87.62191009521484
2017-09-22,87.62191009521484
2017-09-25,87.62191009521484
2017-09-26,87.62191009521484
2017-09-27,87.62191009521484
2017-09-28,87.60274505615234
2017-09-29,87.64107513427734
2017-10-02,87.64490509033203
2017-10-03,87.64490509033203
2017-10-04,87.62574005126953
2017-10-05,87.64490509033203
2017-10-06,87.62574005126953
2017-10-09,87.62574005126953
2017-10-10,87.62574005126953
2017-10-11,87.62574005126953
2017-10-12,87.6640625
2017-10-13,87.6640625
2017-10-16,87.64490509033203
2017-10-17,87.6640625
2017-10-18,87.6640625
2017-10-19,87.6640625
2017-10-20,87.68324279785156
2017-10-23,87.6640625
2017-10-24,87.7024154663086
2017-10-25,87.7024154663086
2017-10-26,87.7024154663086
2017-10-27,87.7024154663086
2017-10-30,87.68324279785156
2017-10-31,87.7024154663086
2017-11-01,87.71198272705078
2017-11-02,87.69281005859375
2017-11-03,87.69281005859375
2017-11-06,87.71198272705078
2017-11-07,87.71198272705078
2017-11-08,87.71198272705078
2017-11-09,87.69281005859375
2017-11-10,87.71198272705078
2017-11-13,87.71198272705078
2017-11-14,87.71198272705078
2017-11-15,87.71198272705078
2017-11-16,87.73118591308594
2017-11-17,87.71198272705078
2017-11-20,87.73118591308594
2017-11-21,87.75040435791016
2017-11-22,87.75040435791016
2017-11-24,87.73118591308594
2017-11-27,87.73118591308594
2017-11-28,87.76956939697266
2017-11-29,87.75040435791016
2017-11-30,87.75040435791016
2017-12-01,87.7561264038086
2017-12-04,87.7657241821289
2017-12-05,87.77532196044922
2017-12-06,87.7657241821289
2017-12-07,87.77532196044922
2017-12-08,87.78491973876953
2017-12-11,87.77532196044922
2017-12-12,87.78491973876953
2017-12-13,87.77532196044922
2017-12-14,87.78491973876953
2017-12-15,87.79451751708984
2017-12-18,87.80410766601562
2017-12-19,87.8060302734375
2017-12-20,87.8060302734375
2017-12-21,87.8060302734375
2017-12-22,87.82526397705078
2017-12-26,87.81563568115234
2017-12-27,87.8348617553711
2017-12-28,87.8348617553711
2017-12-29,87.81563568115234
2018-01-02,87.82526397705078
2018-01-03,87.84446716308594
2018-01-04,87.85406494140625
2018-01-05,87.85406494140625
2018-01-08,87.86370086669922
2018-01-09,87.86370086669922
2018-01-10,87.86370086669922
2018-01-11,87.85406494140625
2018-01-12,87.8829116821289
2018-01-16,87.86370086669922
2018-01-17,87.8829116821289
2018-01-18,87.8829116821289
2018-01-19,87.89250183105469
2018-01-22,87.9021224975586
2018-01-23,87.9021224975586
2018-01-24,87.91172790527344
2018-01-25,87.91172790527344
2018-01-26,87.93095397949219
2018-01-29,87.91172790527344
2018-01-30,87.92134094238281
2018-01-31,87.93095397949219
2018-02-01,87.9271011352539
2018-02-02,87.93672943115234
2018-02-05,87.9271011352539
2018-02-06,87.93672943115234
2018-02-07,87.94632720947266
2018-02-08,87.93672943115234
2018-02-09,87.95594024658203
2018-02-12,87.95594024658203
2018-02-13,87.95594024658203
2018-02-14,87.95594024658203
2018-02-15,87.96556854248047
2018-02-16,87.97517395019531
2018-02-20,87.97517395019531
2018-02-21,87.96556854248047
2018-02-22,87.97517395019531
2018-02-23,87.9944076538086
2018-02-26,87.97517395019531
2018-02-27,87.9944076538086
2018-02-28,88.0040283203125
2018-03-01,88.01270294189453
2018-03-02,88.02232360839844
2018-03-05,88.02232360839844
2018-03-06,88.02232360839844
2018-03-07,88.02232360839844
2018-03-08,88.01270294189453
2018-03-09,88.03193664550781
2018-03-12,88.04158782958984
2018-03-13,88.04158782958984
2018-03-14,88.04158782958984
2018-03-15,88.03193664550781
2018-03-16,88.05118560791016
2018-03-19,88.05118560791016
2018-03-20,88.04158782958984
2018-03-21,88.06082916259766
2018-03-22,88.07044219970703
2018-03-23,88.080078125
2018-03-26,88.07044219970703
2018-03-27,88.08969116210938
2018-03-28,88.09931182861328
2018-03-29,88.11857604980469
2018-04-02,88.11376190185547
2018-04-03,88.10411834716797
2018-04-04,88.1233901977539
2018-04-05,88.13301849365234
2018-04-06,88.13301849365234
2018-04-09,88.1426773071289
2018-04-10,88.13301849365234
2018-04-11,88.15229034423828
2018-04-12,88.15229034423828
2018-04-13,88.15229034423828
2018-04-16,88.17156982421875
2018-04-17,88.17156982421875
2018-04-18,88.16194152832031
2018-04-19,88.18121337890625
2018-04-20,88.18121337890625
2018-04-23,88.18121337890625
2018-04-24,88.19084167480469
2018-04-25,88.20046997070312
2018-04-26,88.21013641357422
2018-04-27,88.21975708007812
2018-04-30,88.21013641357422
2018-05-01,88.21687316894531
2018-05-02,88.22652435302734
2018-05-03,88.22652435302734
2018-05-04,88.2458267211914
2018-05-07,88.2458267211914
2018-05-08,88.25544738769531
2018-05-09,88.25544738769531
2018-05-10,88.25544738769531
2018-05-11,88.25544738769531
2018-05-14,88.25544738769531
2018-05-15,88.2747573852539
2018-05-16,88.2844009399414
2018-05-17,88.2844009399414
2018-05-18,88.29405212402344
2018-05-21,88.29405212402344
2018-05-22,88.29405212402344
2018-05-23,88.30369567871094
2018-05-24,88.32298278808594
2018-05-25,88.3326416015625
2018-05-29,88.3326416015625
2018-05-30,88.32298278808594
2018-05-31,88.34228515625
2018-06-01,88.34808349609375
2018-06-04,88.35774230957031
2018-06-05,88.35774230957031
2018-06-06,88.34808349609375
2018-06-07,88.35774230957031
2018-06-08,88.3770523071289
2018-06-11,88.38672637939453
2018-06-12,88.38672637939453
2018-06-13,88.3770523071289
2018-06-14,88.40605163574219
2018-06-15,88.40605163574219
2018-06-18,88.39637756347656
2018-06-19,88.41571044921875
2018-06-20,88.40605163574219
2018-06-21,88.41571044921875
2018-06-22,88.42536163330078
2018-06-25,88.44468688964844
2018-06-26,88.43505096435547
2018-06-27,88.45435333251953
2018-06-28,88.45435333251953
2018-06-29,88.4736557006836
2018-07-02,88.46111297607422
2018-07-03,88.48045349121094
2018-07-05,88.48045349121094
2018-07-06,88.49978637695312
2018-07-09,88.49978637695312
2018-07-10,88.50946044921875
2018-07-11,88.50946044921875
2018-07-12,88.50946044921875
2018-07-13,88.5191421508789
2018-07-16,88.52880859375
2018-07-17,88.52880859375
2018-07-18,88.53849792480469
2018-07-19,88.54814910888672
2018-07-20,88.55785369873047
2018-07-23,88.54814910888672
2018-07-24,88.56752014160156
2018-07-25,88.55785369873047
2018-07-26,88.56752014160156
2018-07-27,88.58688354492188
2018-07-30,88.57719421386719
2018-07-31,88.59652709960938
2018-08-01,88.60137939453125
2018-08-02,88.61106872558594
2018-08-03,88.61106872558594
2018-08-06,88.62076568603516
2018-08-07,88.63043975830078
2018-08-08,88.62076568603516
2018-08-09,88.63043975830078
2018-08-10,88.64982604980469
2018-08-13,88.65949249267578
2018-08-14,88.64013671875
2018-08-15,88.65949249267578
2018-08-16,88.65949249267578
2018-08-17,88.6692123413086
2018-08-20,88.6692123413086
2018-08-21,88.67887115478516
2018-08-22,88.67887115478516
2018-08-23,88.70794677734375
2018-08-24,88.70794677734375
2018-08-27,88.71765899658203
2018-08-28,88.71765899658203
2018-08-29,88.70794677734375
2018-08-30,88.74671173095703
2018-08-31,88.73702239990234
2018-09-04,88.7447738647461
2018-09-05,88.73507690429688
2018-09-06,88.75448608398438
2018-09-07,88.77389526367188
2018-09-10,88.77389526367188
2018-09-11,88.7835922241211
2018-09-12,88.7835922241211
2018-09-13,88.7835922241211
2018-09-14,88.79327392578125
2018-09-17,88.81269073486328
2018-09-18,88.81269073486328
2018-09-19,88.81269073486328
2018-09-20,88.8321304321289
2018-09-21,88.8321304321289
2018-09-24,88.84180450439453
2018-09-25,88.84180450439453
2018-09-26,88.84180450439453
2018-09-27,88.8612060546875
2018-09-28,88.8612060546875
2018-10-01,88.8670654296875
2018-10-02,88.87676239013672
2018-10-03,88.87676239013672
2018-10-04,88.8962173461914
2018-10-05,88.9059066772461
2018-10-08,88.9059066772461
2018-10-09,88.8962173461914
2018-10-10,88.9156494140625
2018-10-11,88.92536163330078
2018-10-12,88.92536163330078
2018-10-15,88.93506622314453
2018-10-16,88.94480895996094
2018-10-17,88.94480895996094
2018-10-18,88.94480895996094
2018-10-19,88.95450592041016
2018-10-22,88.9739761352539
2018-10-23,88.9739761352539
2018-10-24,88.98365783691406
2018-10-25,88.99340057373047
2018-10-26,89.00308990478516
2018-10-29,89.00308990478516
2018-10-30,89.00308990478516
2018-10-31,89.01283264160156
2018-11-01,89.03228759765625
2018-11-02,89.03228759765625
2018-11-05,89.04203033447266
2018-11-06,89.04203033447266
2018-11-07,89.0517578125
2018-11-08,89.06151580810547
2018-11-09,89.08097076416016
2018-11-12,89.07124328613281
2018-11-13,89.08097076416016
2018-11-14,89.07124328613281
2018-11-15,89.1004409790039
2018-11-16,89.11016845703125
2018-11-19,89.1004409790039
2018-11-20,89.11993408203125
2018-11-21,89.1393814086914
2018-11-23,89.1393814086914
2018-11-26,89.14911651611328
2018-11-27,89.14911651611328
2018-11-28,89.15885925292969
2018-11-29,89.16858673095703
2018-11-30,89.17832946777344
2018-12-03,89.17539978027344
2018-12-04,89.18514251708984
2018-12-06,89.20465850830078
2018-12-07,89.21438598632812
2018-12-10,89.22415161132812
2018-12-11,89.21438598632812
2018-12-12,89.23390197753906
2018-12-13,89.24366760253906
2018-12-14,89.2533950805664
2018-12-17,89.2631607055664
2018-12-18,89.2631607055664
2018-12-19,89.2533950805664
2018-12-20,89.27291870117188
2018-12-21,89.29246520996094
2018-12-24,89.30223083496094
2018-12-26,89.29246520996094
2018-12-27,89.32176208496094
2018-12-28,89.33153533935547
2018-12-31,89.34130096435547
2019-01-02,89.33153533935547
2019-01-03,89.36083984375
2019-01-04,89.37059783935547
2019-01-07,89.37059783935547
2019-01-08,89.37059783935547
2019-01-09,89.37059783935547
2019-01-10,89.38037109375
2019-01-11,89.39991760253906
2019-01-14,89.39014434814453
2019-01-15,89.40967559814453
2019-01-16,89.41944885253906
2019-01-17,89.43898010253906
2019-01-18,89.43898010253906
2019-01-22,89.44876098632812
2019-01-23,89.44876098632812
2019-01-24,89.4780502319336
2019-01-25,89.46829223632812
2019-01-28,89.4780502319336
2019-01-29,89.4780502319336
2019-01-30,89.49758911132812
2019-01-31,89.49758911132812
2019-02-01,89.50639343261719
2019-02-04,89.51619720458984
2019-02-05,89.51619720458984
2019-02-06,89.5357894897461
2019-02-07,89.5357894897461
2019-02-08,89.55534362792969
2019-02-11,89.5455551147461
2019-02-12,89.56513977050781
2019-02-13,89.56513977050781
2019-02-14,89.58470916748047
2019-02-15,89.58470916748047
2019-02-19,89.60427856445312
2019-02-20,89.60427856445312
2019-02-21,89.61405944824219
2019-02-22,89.6336441040039
2019-02-25,89.6238784790039
2019-02-26,89.6336441040039
2019-02-27,89.64341735839844
2019-02-28,89.66300964355469
2019-03-01,89.67281341552734
2019-03-04,89.66300201416016
2019-03-05,89.67281341552734
2019-03-06,89.68262481689453
2019-03-07,89.7022476196289
2019-03-08,89.7120361328125
2019-03-11,89.7120361328125
2019-03-12,89.72183227539062
2019-03-13,89.73164367675781
2019-03-14,89.73164367675781
2019-03-15,89.74146270751953
2019-03-18,89.7512435913086
2019-03-19,89.7512435913086
2019-03-20,89.7512435913086
2019-03-21,89.78067779541016
2019-03-22,89.78067779541016
2019-03-25,89.78067779541016
2019-03-26,89.79048156738281
2019-03-27,89.80029296875
2019-03-28,89.81990051269531
2019-03-29,89.81990051269531
2019-04-01,89.83561706542969
2019-04-02,89.82579040527344
2019-04-03,89.83561706542969
2019-04-04,89.86510467529297
2019-04-05,89.86510467529297
2019-04-08,89.86510467529297
2019-04-09,89.87493133544922
2019-04-10,89.87493133544922
2019-04-11,89.90438842773438
2019-04-12,89.90438842773438
2019-04-15,89.91422271728516
2019-04-16,89.91422271728516
2019-04-17,89.9338607788086
2019-04-18,89.94367980957031
2019-04-22,89.94367980957031
2019-04-23,89.94367980957031
2019-04-24,89.96334075927734
2019-04-25,89.98296356201172
2019-04-26,89.9731674194336
2019-04-29,89.98296356201172
2019-04-30,89.99281311035156
2019-05-01,89.99674224853516
2019-05-02,90.00658416748047
2019-05-03,90.01643371582031
2019-05-06,90.02627563476562
2019-05-07,90.03612518310547
2019-05-08,90.03612518310547
2019-05-09,90.04598236083984
2019-05-10,90.06564331054688
2019-05-13,90.05580139160156
2019-05-14,90.06564331054688
2019-05-15,90.07549285888672
2019-05-16,90.08534240722656
2019-05-17,90.09516906738281
2019-05-20,90.10502624511719
2019-05-21,90.10502624511719
2019-05-22,90.12470245361328
2019-05-23,90.14439392089844
2019-05-24,90.14439392089844
2019-05-28,90.15421295166016
2019-05-29,90.15421295166016
2019-05-30,90.18377685546875
2019-05-31,90.18377685546875
2019-06-03,90.17981719970703
2019-06-04,90.19954681396484
2019-06-05,90.19954681396484
2019-06-06,90.22913360595703
2019-06-07,90.21929168701172
2019-06-10,90.2389907836914
2019-06-11,90.22913360595703
2019-06-12,90.2389907836914
2019-06-13,90.2685775756836
2019-06-14,90.27845001220703
2019-06-17,90.27845001220703
2019-06-18,90.27845001220703
2019-06-19,90.29816436767578
2019-06-20,90.30804443359375
2019-06-21,90.30804443359375
2019-06-24,90.3178939819336
2019-06-25,90.3178939819336
2019-06-26,90.3376235961914
2019-06-27,90.3376235961914
2019-06-28,90.34748077392578
2019-07-01,90.34253692626953
2019-07-02,90.3524169921875
2019-07-03,90.382080078125
2019-07-05,90.3721923828125
2019-07-08,90.3721923828125
2019-07-09,90.382080078125
2019-07-10,90.3919448852539
2019-07-11,90.41170501708984
2019-07-12,90.42159271240234
2019-07-15,90.42159271240234
2019-07-16,90.43145751953125
2019-07-17,90.43145751953125
2019-07-18,90.46109771728516
2019-07-19,90.46109771728516
2019-07-22,90.46109771728516
2019-07-23,90.45121765136719
2019-07-24,90.47099304199219
2019-07-25,90.49072265625
2019-07-26,90.48086547851562
2019-07-29,90.50062561035156
2019-07-30,90.50062561035156
2019-07-31,90.51050567626953
2019-08-01,90.53526306152344
2019-08-02,90.53526306152344
2019-08-05,90.52534484863281
2019-08-06,90.53526306152344
2019-08-07,90.5550308227539
2019-08-08,90.56493377685547
2019-08-09,90.5550308227539
2019-08-12,90.57483673095703
2019-08-13,90.58472442626953
2019-08-14,90.57483673095703
2019-08-15,90.61441040039062
2019-08-16,90.6045150756836
2019-08-19,90.6045150756836
2019-08-20,90.61441040039062
2019-08-21,90.6045150756836
2019-08-22,90.63421630859375
2019-08-23,90.62432098388672
2019-08-26,90.63421630859375
2019-08-27,90.64408874511719
2019-08-28,90.63421630859375
2019-08-29,90.65400695800781
2019-08-30,90.66390228271484
2019-09-03,90.68174743652344
2019-09-04,90.67182922363281
2019-09-05,90.68174743652344
2019-09-06,90.69166564941406
2019-09-09,90.69166564941406
2019-09-10,90.71148681640625
2019-09-11,90.70157623291016
2019-09-12,90.7214126586914
2019-09-13,90.7214126586914
2019-09-16,90.7214126586914
2019-09-17,90.73133087158203
2019-09-18,90.75114440917969
2019-09-19,90.75114440917969
2019-09-20,90.76107025146484
2019-09-23,90.78089141845703
2019-09-24,90.78089141845703
2019-09-25,90.78089141845703
2019-09-26,90.80072784423828
2019-09-27,90.80072784423828
2019-09-30,90.81063079833984
2019-10-01,90.80765533447266
2019-10-02,90.80765533447266
2019-10-03,90.83744812011719
2019-10-04,90.83744812011719
2019-10-07,90.84737396240234
2019-10-08,90.84737396240234
2019-10-09,90.84737396240234
2019-10-10,90.86724853515625
2019-10-11,90.87715911865234
2019-10-14,90.86724853515625
2019-10-15,90.87715911865234
2019-10-16,90.88709259033203
2019-10-17,90.89703369140625
2019-10-18,90.89703369140625
2019-10-21,90.9069595336914
2019-10-22,90.9069595336914
2019-10-23,90.9069595336914
2019-10-24,90.92680358886719
2019-10-25,90.92680358886719
2019-10-28,90.91688537597656
2019-10-29,90.93675231933594
2019-10-30,90.94667053222656
2019-10-31,90.95660400390625
2019-11-01,90.95561218261719
2019-11-04,90.9655532836914
2019-11-05,90.95561218261719
2019-11-06,90.9655532836914
2019-11-07,90.98543548583984
2019-11-08,90.98543548583984
2019-11-11,90.98543548583984
2019-11-12,90.99539947509766
2019-11-13,90.99539947509766
2019-11-14,91.00534057617188
2019-11-15,90.99539947509766
2019-11-18,91.01527404785156
2019-11-19,91.00534057617188
2019-11-20,91.01527404785156
2019-11-21,91.01527404785156
2019-11-22,91.02521514892578
2019-11-25,91.02521514892578
2019-11-26,91.0351791381836
2019-11-27,91.05506134033203
2019-11-29,91.05506134033203
2019-12-02,91.06201934814453
2019-12-03,91.05207824707031
2019-12-04,91.06201934814453
2019-12-05,91.08193969726562
2019-12-06,91.08193969726562
2019-12-09,91.09190368652344
2019-12-10,91.09190368652344
2019-12-11,91.09190368652344
2019-12-12,91.11181640625
2019-12-13,91.09190368652344
2019-12-16,91.11181640625
2019-12-17,91.10186004638672
2019-12-18,91.12177276611328
2019-12-19,91.1317367553711
2019-12-20,91.13672637939453
2019-12-23,91.13672637939453
2019-12-24,91.14669036865234
2019-12-26,91.15666961669922
2019-12-27,91.14669036865234
2019-12-30,91.15666961669922
2019-12-31,91.15666961669922
2020-01-02,91.18656158447266
2020-01-03,91.18656158447266
2020-01-06,91.17658996582031
2020-01-07,91.17658996582031
2020-01-08,91.19654846191406
2020-01-09,91.20651245117188
2020-01-10,91.20651245117188
2020-01-13,91.20651245117188
2020-01-14,91.20651245117188
2020-01-15,91.21648406982422
2020-01-16,91.23641967773438
2020-01-17,91.22644805908203
2020-01-21,91.23641967773438
2020-01-22,91.23641967773438
2020-01-23,91.24639129638672
2020-01-24,91.24639129638672
2020-01-27,91.25635528564453
2020-01-28,91.25635528564453
2020-01-29,91.2663345336914
2020-01-30,91.2663345336914
2020-01-31,91.2663345336914
2020-02-03,91.27433013916016
2020-02-04,91.27433013916016
2020-02-05,91.29427337646484
2020-02-06,91.30426788330078
2020-02-07,91.30426788330078
2020-02-10,91.29427337646484
2020-02-11,91.30426788330078
2020-02-12,91.31424713134766
2020-02-13,91.32422637939453
2020-02-14,91.32422637939453
2020-02-18,91.3342056274414
2020-02-19,91.3342056274414
2020-02-20,91.3342056274414
2020-02-21,91.35417175292969
2020-02-24,91.34419250488281
2020-02-25,91.34419250488281
2020-02-26,91.36415100097656
2020-02-27,91.38412475585938
2020-02-28,91.37413787841797
2020-03-02,91.40111541748047
2020-03-03,91.42110443115234
2020-03-04,91.46107482910156
2020-03-05,91.48106384277344
2020-03-06,91.48106384277344
2020-03-09,91.52102661132812
2020-03-10,91.50104522705078
2020-03-11,91.52102661132812
2020-03-12,91.53101348876953
2020-03-13,91.5510025024414
2020-03-16,91.56099700927734
2020-03-17,91.56099700927734
2020-03-18,91.58097839355469
2020-03-19,91.56099700927734
2020-03-20,91.59097290039062
2020-03-23,91.57099151611328
2020-03-24,91.57099151611328
2020-03-25,91.57099151611328
2020-03-26,91.57099151611328
2020-03-27,91.5510025024414
2020-03-30,91.5510025024414
2020-03-31,91.56099700927734
2020-04-01,91.5530014038086
2020-04-02,91.56299591064453
2020-04-03,91.53300476074219
2020-04-06,91.54299926757812
2020-04-07,91.52301025390625
2020-04-08,91.53300476074219
2020-04-09,91.51300811767578
2020-04-13,91.53300476074219
2020-04-14,91.54299926757812
2020-04-15,91.53300476074219
2020-04-16,91.52301025390625
2020-04-17,91.54299926757812
2020-04-20,91.53300476074219
2020-04-21,91.53300476074219
2020-04-22,91.53300476074219
2020-04-23,91.54299926757812
2020-04-24,91.53300476074219
2020-04-27,91.53300476074219
2020-04-28,91.53300476074219
2020-04-29,91.52301025390625
2020-04-30,91.54299926757812
2020-05-01,91.5270004272461
2020-05-04,91.5270004272461
2020-05-05,91.5270004272461
2020-05-06,91.53700256347656
2020-05-07,91.5270004272461
2020-05-08,91.5270004272461
2020-05-11,91.53700256347656
2020-05-12,91.53700256347656
2020-05-13,91.53700256347656
2020-05-14,91.54700469970703
2020-05-15,91.5270004272461
2020-05-18,91.5270004272461
2020-05-19,91.5270004272461
2020-05-20,91.5270004272461
2020-05-21,91.53700256347656
2020-05-22,91.5270004272461
2020-05-26,91.53700256347656
2020-05-27,91.5270004272461
2020-05-28,91.5270004272461
2020-05-29,91.5270004272461
2020-06-01,91.53700256347656
2020-06-02,91.53700256347656
2020-06-03,91.53700256347656
2020-06-04,91.53700256347656
2020-06-05,91.51699829101562
2020-06-08,91.5270004272461
2020-06-09,91.5270004272461
2020-06-10,91.53700256347656
2020-06-11,91.51699829101562
2020-06-12,91.53700256347656
2020-06-15,91.53700256347656
2020-06-16,91.53700256347656
2020-06-17,91.53700256347656
2020-06-18,91.5270004272461
2020-06-19,91.5270004272461
2020-06-22,91.5270004272461
2020-06-23,91.5270004272461
2020-06-24,91.5270004272461
2020-06-25,91.53700256347656
2020-06-26,91.5270004272461
2020-06-29,91.5270004272461
2020-06-30,91.5270004272461
2020-07-01,91.5270004272461
2020-07-02,91.53700256347656
2020-07-06,91.5270004272461
2020-07-07,91.5270004272461
2020-07-08,91.5270004272461
2020-07-09,91.5270004272461
2020-07-10,91.53700256347656
2020-07-13,91.53700256347656
2020-07-14,91.53700256347656
2020-07-15,91.53700256347656
2020-07-16,91.5270004272461
2020-07-17,91.53700256347656
2020-07-20,91.53700256347656
2020-07-21,91.53700256347656
2020-07-22,91.5270004272461
2020-07-23,91.53700256347656
2020-07-24,91.5270004272461
2020-07-27,91.5270004272461
2020-07-28,91.53700256347656
2020-07-29,91.53700256347656
2020-07-30,91.5270004272461
2020-07-31,91.53700256347656
2020-08-03,91.5270004272461
2020-08-04,91.53700256347656
2020-08-05,91.5270004272461
2020-08-06,91.5270004272461
2020-08-07,91.53700256347656
2020-08-10,91.53700256347656
2020-08-11,91.5270004272461
2020-08-12,91.5270004272461
2020-08-13,91.53700256347656
2020-08-14,91.5270004272461
2020-08-17,91.5270004272461
2020-08-18,91.53700256347656
2020-08-19,91.53700256347656
2020-08-20,91.53700256347656
2020-08-21,91.53700256347656
2020-08-24,91.53700256347656
2020-08-25,91.5270004272461
2020-08-26,91.5270004272461
2020-08-27,91.5270004272461
2020-08-28,91.53700256347656
2020-08-31,91.53700256347656
2020-09-01,91.53700256347656
2020-09-02,91.53700256347656
2020-09-03,91.5270004272461
2020-09-04,91.53700256347656
2020-09-08,91.53700256347656
2020-09-09,91.5270004272461
2020-09-10,91.5270004272461
2020-09-11,91.51699829101562
2020-09-14,91.53700256347656
2020-09-15,91.51699829101562
2020-09-16,91.53700256347656
2020-09-17,91.53700256347656
2020-09-18,91.51699829101562
2020-09-21,91.51699829101562
2020-09-22,91.51699829101562
2020-09-23,91.51699829101562
2020-09-24,91.5270004272461
2020-09-25,91.51699829101562
2020-09-28,91.5270004272461
2020-09-29,91.5270004272461
2020-09-30,91.51699829101562
2020-10-01,91.51699829101562
2020-10-02,91.51699829101562
2020-10-05,91.51699829101562
2020-10-06,91.5270004272461
2020-10-07,91.51699829101562
2020-10-08,91.51699829101562
2020-10-09,91.51699829101562
2020-10-12,91.5270004272461
2020-10-13,91.51699829101562
2020-10-14,91.51699829101562
2020-10-15,91.51699829101562
2020-10-16,91.5270004272461
2020-10-19,91.5270004272461
2020-10-20,91.51699829101562
2020-10-21,91.51699829101562
2020-10-22,91.5270004272461
2020-10-23,91.5270004272461
2020-10-26,91.5270004272461
2020-10-27,91.51699829101562
2020-10-28,91.51699829101562
2020-10-29,91.5270004272461
2020-10-30,91.5270004272461
2020-11-02,91.5270004272461
2020-11-03,91.5270004272461
2020-11-04,91.51699829101562
2020-11-05,91.5270004272461
2020-11-06,91.51699829101562
2020-11-09,91.5270004272461
2020-11-10,91.51699829101562
2020-11-11,91.51699829101562
2020-11-12,91.51699829101562
2020-11-13,91.5270004272461
2020-11-16,91.5270004272461
2020-11-17,91.5270004272461
2020-11-18,91.5270004272461
2020-11-19,91.5270004272461
2020-11-20,91.5270004272461
2020-11-23,91.5270004272461
2020-11-24,91.5270004272461
2020-11-25,91.51699829101562
2020-11-27,91.5270004272461
2020-11-30,91.51699829101562
2020-12-01,91.51000213623047
2020-12-02,91.5199966430664
2020-12-03,91.5199966430664
2020-12-04,91.52999877929688
2020-12-07,91.51000213623047
2020-12-08,91.51000213623047
2020-12-09,91.51000213623047
2020-12-10,91.51000213623047
2020-12-11,91.5199966430664
2020-12-14,91.51000213623047
2020-12-15,91.51000213623047
2020-12-16,91.5199966430664
2020-12-17,91.5199966430664
2020-12-18,91.5199966430664
2020-12-21,91.5199966430664
2020-12-22,91.5199966430664
2020-12-23,91.51000213623047
2020-12-24,91.5199966430664
