Date,BIL,IYR
2016-01-04,87.13835144042969,62.83554458618164
2016-01-05,87.13835144042969,63.866615295410156
2016-01-06,87.1001968383789,63.655303955078125
2016-01-07,87.11927032470703,62.23549270629883
2016-01-08,87.11927032470703,61.500247955322266
2016-01-11,87.11927032470703,61.74531936645508
2016-01-12,87.13835144042969,61.31429672241211
2016-01-13,87.11927032470703,60.3846549987793
2016-01-14,87.1001968383789,60.300148010253906
2016-01-15,87.1001968383789,59.61559295654297
2016-01-19,87.11927032470703,59.793087005615234
2016-01-20,87.11927032470703,58.20420455932617
2016-01-21,87.13835144042969,58.59298324584961
2016-01-22,87.1001968383789,60.21563720703125
2016-01-25,87.11927032470703,59.62404251098633
2016-01-26,87.1001968383789,60.90019226074219
2016-01-27,87.11927032470703,59.953651428222656
2016-01-28,87.11927032470703,59.55642318725586
2016-01-29,87.13835144042969,60.8494873046875
2016-02-01,87.1001968383789,60.85793685913086
2016-02-02,87.1001968383789,60.21563720703125
2016-02-03,87.11927032470703,60.51143264770508
2016-02-04,87.13835144042969,60.57904815673828
2016-02-05,87.13835144042969,59.2183723449707
2016-02-08,87.11927032470703,57.4774169921875
2016-02-09,87.13835144042969,56.54777526855469
2016-02-10,87.11927032470703,56.843570709228516
2016-02-11,87.13835144042969,56.00687789916992
2016-02-12,87.11927032470703,56.73369216918945
2016-02-16,87.11927032470703,57.82391357421875
2016-02-17,87.11927032470703,58.347896575927734
2016-02-18,87.13835144042969,58.905677795410156
2016-02-19,87.13835144042969,59.03245544433594
2016-02-22,87.13835144042969,59.71701431274414
2016-02-23,87.11927032470703,59.573341369628906
2016-02-24,87.13835144042969,59.59868240356445
2016-02-25,87.11927032470703,60.68046951293945
2016-02-26,87.11927032470703,60.4945182800293
2016-02-29,87.13835144042969,60.39310836791992
2016-03-01,87.13835144042969,61.96506118774414
2016-03-02,87.11927032470703,62.43832778930664
2016-03-03,87.13835144042969,62.75102615356445
2016-03-04,87.13835144042969,62.92006301879883
2016-03-07,87.13835144042969,63.03837203979492
2016-03-08,87.11927032470703,62.38762664794922
2016-03-09,87.13835144042969,62.64116668701172
2016-03-10,87.13835144042969,62.48058319091797
2016-03-11,87.11927032470703,63.959564208984375
2016-03-14,87.11927032470703,63.87505340576172
2016-03-15,87.11927032470703,63.8581428527832
2016-03-16,87.13835144042969,64.66947937011719
2016-03-17,87.11927032470703,65.57376861572266
2016-03-18,87.11927032470703,65.32022094726562
2016-03-21,87.13835144042969,64.89765930175781
2016-03-22,87.13835144042969,64.91458129882812
2016-03-23,87.11927032470703,64.45703887939453
2016-03-24,87.13835144042969,64.50835418701172
2016-03-28,87.13835144042969,65.0043716430664
2016-03-29,87.13835144042969,66.29571533203125
2016-03-30,87.13835144042969,66.193115234375
2016-03-31,87.13835144042969,66.58648681640625
2016-04-01,87.13835144042969,66.6292724609375
2016-04-04,87.13835144042969,66.5351791381836
2016-04-05,87.15740966796875,66.15890502929688
2016-04-06,87.15740966796875,66.3213882446289
2016-04-07,87.13835144042969,65.96220397949219
2016-04-08,87.15740966796875,66.3384780883789
2016-04-11,87.13835144042969,66.25296783447266
2016-04-12,87.13835144042969,66.70623779296875
2016-04-13,87.15740966796875,66.55229187011719
2016-04-14,87.15740966796875,66.12469482421875
2016-04-15,87.13835144042969,66.56084442138672
2016-04-18,87.15740966796875,66.84306335449219
2016-04-19,87.15740966796875,66.9114761352539
2016-04-20,87.15740966796875,65.97074890136719
2016-04-21,87.13835144042969,64.85042572021484
2016-04-22,87.15740966796875,65.54312896728516
2016-04-25,87.13835144042969,65.95364379882812
2016-04-26,87.15740966796875,66.193115234375
2016-04-27,87.15740966796875,66.17598724365234
2016-04-28,87.15740966796875,66.02206420898438
2016-04-29,87.17648315429688,65.47472381591797
2016-05-02,87.15740966796875,66.34703826904297
2016-05-03,87.17648315429688,66.20164489746094
2016-05-04,87.15740966796875,67.09107971191406
2016-05-05,87.15740966796875,67.3476333618164
2016-05-06,87.17648315429688,68.00615692138672
2016-05-09,87.17648315429688,68.5534896850586
2016-05-10,87.17648315429688,68.6817626953125
2016-05-11,87.13835144042969,67.45881652832031
2016-05-12,87.13835144042969,67.79232788085938
2016-05-13,87.13835144042969,67.2449951171875
2016-05-16,87.13835144042969,67.77523040771484
2016-05-17,87.13835144042969,66.74898529052734
2016-05-18,87.15740966796875,65.81681060791016
2016-05-19,87.13835144042969,65.10699462890625
2016-05-20,87.15740966796875,65.62866973876953
2016-05-23,87.17648315429688,65.68853759765625
2016-05-24,87.13835144042969,66.4753189086914
2016-05-25,87.15740966796875,66.57793426513672
2016-05-26,87.15740966796875,66.62071990966797
2016-05-27,87.17648315429688,66.9114761352539
2016-05-31,87.17648315429688,66.9200439453125
2016-06-01,87.17648315429688,66.96280670166016
2016-06-02,87.15740966796875,67.32197570800781
2016-06-03,87.17648315429688,67.52723693847656
2016-06-06,87.195556640625,67.10816955566406
2016-06-07,87.195556640625,67.5186767578125
2016-06-08,87.195556640625,67.87786102294922
2016-06-09,87.15740966796875,67.9804916381836
2016-06-10,87.15740966796875,67.64695739746094
2016-06-13,87.15740966796875,67.59564208984375
2016-06-14,87.15740966796875,67.2279052734375
2016-06-15,87.15740966796875,67.84365844726562
2016-06-16,87.17648315429688,68.18572998046875
2016-06-17,87.15740966796875,68.0831069946289
2016-06-20,87.17648315429688,68.2114028930664
2016-06-21,87.17648315429688,68.49185943603516
2016-06-22,87.17648315429688,68.45735168457031
2016-06-23,87.17648315429688,68.9146957397461
2016-06-24,87.15740966796875,68.07764434814453
2016-06-27,87.15740966796875,67.94821166992188
2016-06-28,87.15740966796875,69.42382049560547
2016-06-29,87.15740966796875,70.31266784667969
2016-06-30,87.15740966796875,71.09794616699219
2016-07-01,87.195556640625,71.0461654663086
2016-07-05,87.195556640625,71.5898208618164
2016-07-06,87.17648315429688,71.3309555053711
2016-07-07,87.195556640625,70.70099639892578
2016-07-08,87.17648315429688,71.74515533447266
2016-07-11,87.195556640625,72.2629165649414
2016-07-12,87.15740966796875,72.34920501708984
2016-07-13,87.17648315429688,72.65125274658203
2016-07-14,87.195556640625,72.11620330810547
2016-07-15,87.17648315429688,72.17662811279297
2016-07-18,87.17648315429688,72.35784912109375
2016-07-19,87.195556640625,72.68576049804688
2016-07-20,87.195556640625,72.66850280761719
2016-07-21,87.195556640625,72.77205657958984
2016-07-22,87.195556640625,73.37612915039062
2016-07-25,87.17648315429688,73.30708312988281
2016-07-26,87.17648315429688,72.97054290771484
2016-07-27,87.195556640625,72.4527587890625
2016-07-28,87.17648315429688,72.98779296875
2016-07-29,87.195556640625,73.6954116821289
2016-08-01,87.17648315429688,73.95427703857422
2016-08-02,87.195556640625,72.83248138427734
2016-08-03,87.17648315429688,72.52182006835938
2016-08-04,87.17648315429688,72.34920501708984
2016-08-05,87.17648315429688,72.44412994384766
2016-08-08,87.17648315429688,72.51318359375
2016-08-09,87.17648315429688,72.78068542480469
2016-08-10,87.17648315429688,72.68576049804688
2016-08-11,87.17648315429688,71.99541473388672
2016-08-12,87.17648315429688,72.19387817382812
2016-08-15,87.17648315429688,72.14210510253906
2016-08-16,87.17648315429688,71.29642486572266
2016-08-17,87.17648315429688,71.50353240966797
2016-08-18,87.195556640625,71.29642486572266
2016-08-19,87.17648315429688,70.77865600585938
2016-08-22,87.17648315429688,71.14109802246094
2016-08-23,87.17648315429688,71.29642486572266
2016-08-24,87.195556640625,70.95125579833984
2016-08-25,87.17648315429688,71.21012115478516
2016-08-26,87.17648315429688,70.545654296875
2016-08-29,87.195556640625,71.21012115478516
2016-08-30,87.195556640625,71.08931732177734
2016-08-31,87.195556640625,71.22740173339844
2016-09-01,87.195556640625,71.10657501220703
2016-09-02,87.21461486816406,71.67610931396484
2016-09-06,87.21461486816406,72.18524932861328
2016-09-07,87.195556640625,72.59947204589844
2016-09-08,87.195556640625,71.77104187011719
2016-09-09,87.21461486816406,68.9146957397461
2016-09-12,87.17648315429688,69.75175476074219
2016-09-13,87.195556640625,68.05174255371094
2016-09-14,87.195556640625,68.25885772705078
2016-09-15,87.195556640625,68.56952667236328
2016-09-16,87.195556640625,68.50047302246094
2016-09-19,87.195556640625,69.14767456054688
2016-09-20,87.195556640625,69.03550720214844
2016-09-21,87.195556640625,69.82940673828125
2016-09-22,87.21461486816406,71.18424224853516
2016-09-23,87.21461486816406,71.36546325683594
2016-09-26,87.21461486816406,71.4489974975586
2016-09-27,87.195556640625,70.89202880859375
2016-09-28,87.195556640625,71.28364562988281
2016-09-29,87.195556640625,70.51780700683594
2016-09-30,87.21461486816406,70.17842102050781
2016-10-03,87.195556640625,68.90782928466797
2016-10-04,87.21461486816406,67.91571807861328
2016-10-05,87.21461486816406,66.60160827636719
2016-10-06,87.21461486816406,66.71475219726562
2016-10-07,87.21461486816406,66.61900329589844
2016-10-10,87.21461486816406,67.01062774658203
2016-10-11,87.195556640625,66.34053039550781
2016-10-12,87.21461486816406,67.23690032958984
2016-10-13,87.195556640625,67.61112976074219
2016-10-14,87.195556640625,67.38484954833984
2016-10-17,87.195556640625,67.47187042236328
2016-10-18,87.195556640625,67.93310546875
2016-10-19,87.21461486816406,68.22032165527344
2016-10-20,87.195556640625,67.95922088623047
2016-10-21,87.195556640625,67.8721923828125
2016-10-24,87.195556640625,68.0549545288086
2016-10-25,87.195556640625,67.9244155883789
2016-10-26,87.21461486816406,67.13247680664062
2016-10-27,87.195556640625,65.59209442138672
2016-10-28,87.21461486816406,65.7226333618164
2016-10-31,87.23370361328125,66.69733428955078
2016-11-01,87.21461486816406,65.22659301757812
2016-11-02,87.23370361328125,64.39112854003906
2016-11-03,87.21461486816406,64.01690673828125
2016-11-04,87.23370361328125,64.35630798339844
2016-11-07,87.21461486816406,65.40933990478516
2016-11-08,87.23370361328125,65.80966186523438
2016-11-09,87.195556640625,64.59130096435547
2016-11-10,87.195556640625,63.41642761230469
2016-11-11,87.15740966796875,63.75584030151367
2016-11-14,87.195556640625,64.8349609375
2016-11-15,87.21461486816406,64.59999084472656
2016-11-16,87.21461486816406,64.46073913574219
2016-11-17,87.23370361328125,63.92988204956055
2016-11-18,87.21461486816406,64.121337890625
2016-11-21,87.195556640625,64.13004302978516
2016-11-22,87.195556640625,65.22659301757812
2016-11-23,87.195556640625,64.86978149414062
2016-11-25,87.21461486816406,65.20046997070312
2016-11-28,87.195556640625,65.42675018310547
2016-11-29,87.195556640625,65.96630859375
2016-11-30,87.195556640625,65.13957214355469
2016-12-01,87.23562622070312,64.1126480102539
2016-12-02,87.21653747558594,64.79144287109375
2016-12-05,87.21653747558594,65.30492401123047
2016-12-06,87.23562622070312,65.7226333618164
2016-12-07,87.23562622070312,67.00193786621094
2016-12-08,87.23562622070312,67.3413314819336
2016-12-09,87.23562622070312,67.28912353515625
2016-12-12,87.21653747558594,67.70684814453125
2016-12-13,87.23562622070312,67.70684814453125
2016-12-14,87.23562622070312,66.45366668701172
2016-12-15,87.23562622070312,65.95760345458984
2016-12-16,87.21653747558594,66.83658599853516
2016-12-19,87.23562622070312,67.5763168334961
2016-12-20,87.21653747558594,67.69815063476562
2016-12-21,87.23562622070312,66.8650894165039
2016-12-22,87.21653747558594,66.74154663085938
2016-12-23,87.21653747558594,66.91802215576172
2016-12-27,87.23562622070312,66.99744415283203
2016-12-28,87.23371124267578,66.60035705566406
2016-12-29,87.25277709960938,67.26219940185547
2016-12-30,87.21461486816406,67.89757537841797
2017-01-03,87.25277709960938,68.17115020751953
2017-01-04,87.25277709960938,69.10657501220703
2017-01-05,87.23371124267578,69.34484100341797
2017-01-06,87.25277709960938,69.19482421875
2017-01-09,87.25277709960938,68.73593139648438
2017-01-10,87.23371124267578,68.09172058105469
2017-01-11,87.25277709960938,67.80052185058594
2017-01-12,87.25277709960938,68.10936737060547
2017-01-13,87.25277709960938,68.03878021240234
2017-01-17,87.25277709960938,68.49767303466797
2017-01-18,87.23371124267578,68.61238861083984
2017-01-19,87.23371124267578,67.89757537841797
2017-01-20,87.25277709960938,68.32999420166016
2017-01-23,87.23371124267578,68.85066986083984
2017-01-24,87.23371124267578,69.00950622558594
2017-01-25,87.25277709960938,68.63884735107422
2017-01-26,87.2718734741211,68.5682601928711
2017-01-27,87.23371124267578,67.9240493774414
2017-01-30,87.2718734741211,67.45636749267578
2017-01-31,87.25277709960938,67.98583221435547
2017-02-01,87.2585220336914,67.18278503417969
2017-02-02,87.2585220336914,67.9328842163086
2017-02-03,87.23944854736328,68.39176940917969
2017-02-06,87.27761840820312,68.16232299804688
2017-02-07,87.27761840820312,68.06526184082031
2017-02-08,87.27761840820312,68.5594482421875
2017-02-09,87.27761840820312,68.77124786376953
2017-02-10,87.2585220336914,69.30072021484375
2017-02-13,87.2585220336914,69.53016662597656
2017-02-14,87.27761840820312,69.14187622070312
2017-02-15,87.2585220336914,69.0801010131836
2017-02-16,87.2585220336914,69.40660858154297
2017-02-17,87.27761840820312,69.52134704589844
2017-02-21,87.2585220336914,70.39498901367188
2017-02-22,87.2585220336914,70.21849060058594
2017-02-23,87.2585220336914,70.5185317993164
2017-02-24,87.2585220336914,70.87152862548828
2017-02-27,87.2585220336914,71.2421646118164
2017-02-28,87.29666900634766,70.95976257324219
2017-03-01,87.26232147216797,70.7391586303711
2017-03-02,87.26232147216797,70.44794464111328
2017-03-03,87.28142547607422,70.28026580810547
2017-03-06,87.300537109375,69.95374298095703
2017-03-07,87.26232147216797,69.6537094116211
2017-03-08,87.26232147216797,68.58592224121094
2017-03-09,87.26232147216797,67.71226501464844
2017-03-10,87.28142547607422,67.54459381103516
2017-03-13,87.26232147216797,67.6504898071289
2017-03-14,87.26232147216797,67.58870697021484
2017-03-15,87.28142547607422,68.83301544189453
2017-03-16,87.300537109375,68.71829223632812
2017-03-17,87.300537109375,69.00950622558594
2017-03-20,87.28142547607422,68.9830093383789
2017-03-21,87.300537109375,68.76241302490234
2017-03-22,87.300537109375,68.7977066040039
2017-03-23,87.28142547607422,69.30953216552734
2017-03-24,87.300537109375,69.26052856445312
2017-03-27,87.300537109375,68.78836059570312
2017-03-28,87.300537109375,69.09126281738281
2017-03-29,87.300537109375,69.3941650390625
2017-03-30,87.300537109375,69.59909057617188
2017-03-31,87.28142547607422,69.92872619628906
2017-04-03,87.2890625,69.9910888671875
2017-04-04,87.2890625,69.92872619628906
2017-04-05,87.2890625,69.9465560913086
2017-04-06,87.2890625,70.42765045166016
2017-04-07,87.2890625,70.50784301757812
2017-04-10,87.2890625,70.99784088134766
2017-04-11,87.30816650390625,71.38985443115234
2017-04-12,87.2890625,71.22948455810547
2017-04-13,87.30816650390625,71.0869369506836
2017-04-17,87.30816650390625,71.97786712646484
2017-04-18,87.32728576660156,72.14715576171875
2017-04-19,87.32728576660156,72.03130340576172
2017-04-20,87.32728576660156,72.07586669921875
2017-04-21,87.32728576660156,71.79077911376953
2017-04-24,87.30816650390625,71.16712188720703
2017-04-25,87.30816650390625,71.37202453613281
2017-04-26,87.32728576660156,70.89984130859375
2017-04-27,87.30816650390625,70.98002624511719
2017-04-28,87.34635925292969,70.32074737548828
2017-05-01,87.34064483642578,70.74839782714844
2017-05-02,87.321533203125,70.57018280029297
2017-05-03,87.321533203125,69.72380828857422
2017-05-04,87.34064483642578,69.42090606689453
2017-05-05,87.321533203125,70.089111328125
2017-05-08,87.34064483642578,69.68818664550781
2017-05-09,87.34064483642578,69.3139877319336
2017-05-10,87.35975646972656,69.68818664550781
2017-05-11,87.35975646972656,69.3139877319336
2017-05-12,87.34064483642578,69.12689971923828
2017-05-15,87.35975646972656,69.3763656616211
2017-05-16,87.35975646972656,68.98435974121094
2017-05-17,87.37884521484375,69.34964752197266
2017-05-18,87.37884521484375,69.53673553466797
2017-05-19,87.35975646972656,69.9465560913086
2017-05-22,87.37884521484375,70.1514663696289
2017-05-23,87.37884521484375,70.31183624267578
2017-05-24,87.35975646972656,70.78402709960938
2017-05-25,87.37884521484375,70.93549346923828
2017-05-26,87.3979721069336,70.4989242553711
2017-05-30,87.35975646972656,70.22274017333984
2017-05-31,87.35975646972656,70.24055480957031
2017-06-01,87.39225006103516,70.5256576538086
2017-06-02,87.37313842773438,71.2205810546875
2017-06-05,87.39225006103516,70.99784088134766
2017-06-06,87.37313842773438,70.64146423339844
2017-06-07,87.41139221191406,70.93549346923828
2017-06-08,87.39225006103516,70.81965637207031
2017-06-09,87.41139221191406,71.27404022216797
2017-06-12,87.39225006103516,71.74622344970703
2017-06-13,87.41139221191406,71.8976821899414
2017-06-14,87.39225006103516,72.12931823730469
2017-06-15,87.39225006103516,72.37879180908203
2017-06-16,87.43048095703125,72.33424377441406
2017-06-19,87.41139221191406,72.4589614868164
2017-06-20,87.41139221191406,72.2184066772461
2017-06-21,87.43048095703125,71.9333267211914
2017-06-22,87.44961547851562,72.07586669921875
2017-06-23,87.43048095703125,72.36094665527344
2017-06-26,87.41139221191406,72.8242416381836
2017-06-27,87.41139221191406,72.39369201660156
2017-06-28,87.44961547851562,72.4925537109375
2017-06-29,87.43048095703125,71.70156860351562
2017-06-30,87.44961547851562,71.70156860351562
2017-07-03,87.45918273925781,72.46560668945312
2017-07-05,87.44003295898438,71.64765167236328
2017-07-06,87.45918273925781,70.39824676513672
2017-07-07,87.45918273925781,70.73979187011719
2017-07-10,87.45918273925781,70.21846008300781
2017-07-11,87.45918273925781,70.13756561279297
2017-07-12,87.44003295898438,71.0184555053711
2017-07-13,87.44003295898438,71.04541778564453
2017-07-14,87.4782943725586,71.76448822021484
2017-07-17,87.45918273925781,72.05213165283203
2017-07-18,87.45918273925781,71.87236785888672
2017-07-19,87.45918273925781,72.44761657714844
2017-07-20,87.45918273925781,72.15998840332031
2017-07-21,87.45918273925781,72.31278991699219
2017-07-24,87.45918273925781,72.12403106689453
2017-07-25,87.45918273925781,72.21392059326172
2017-07-26,87.4782943725586,72.60043334960938
2017-07-27,87.49744415283203,72.66334533691406
2017-07-28,87.4782943725586,72.51053619384766
2017-07-31,87.4782943725586,72.5015640258789
2017-08-01,87.50128936767578,72.82514190673828
2017-08-02,87.5204086303711,72.36672973632812
2017-08-03,87.5204086303711,72.11505889892578
2017-08-04,87.5204086303711,72.35774230957031
2017-08-07,87.5204086303711,72.41167449951172
2017-08-08,87.5204086303711,72.01617431640625
2017-08-09,87.5204086303711,71.89033508300781
2017-08-10,87.5204086303711,71.342041015625
2017-08-11,87.53954315185547,71.00048065185547
2017-08-14,87.5204086303711,72.08808898925781
2017-08-15,87.53954315185547,71.88134002685547
2017-08-16,87.5204086303711,72.19595336914062
2017-08-17,87.53954315185547,71.70156860351562
2017-08-18,87.5204086303711,71.17124938964844
2017-08-21,87.53954315185547,71.8094482421875
2017-08-22,87.55870056152344,71.74652862548828
2017-08-23,87.55870056152344,72.33975982666016
2017-08-24,87.55870056152344,72.26785278320312
2017-08-25,87.53954315185547,72.60942077636719
2017-08-28,87.55870056152344,72.24089050292969
2017-08-29,87.55870056152344,72.13302612304688
2017-08-30,87.55870056152344,72.51953887939453
2017-08-31,87.57782745361328,72.98693084716797
2017-09-01,87.5835952758789,72.99591064453125
2017-09-05,87.54527282714844,72.84312438964844
2017-09-06,87.5835952758789,72.98693084716797
2017-09-07,87.5835952758789,73.46333312988281
2017-09-08,87.564453125,73.41839599609375
2017-09-11,87.564453125,74.0385971069336
2017-09-12,87.60274505615234,73.29255676269531
2017-09-13,87.60274505615234,73.02289581298828
2017-09-14,87.5835952758789,73.47230529785156
2017-09-15,87.5835952758789,73.77792358398438
2017-09-18,87.5835952758789,73.3824234008789
2017-09-19,87.62191009521484,72.816162109375
2017-09-20,87.62191009521484,72.6363754272461
2017-09-21,87.62191009521484,72.40267944335938
2017-09-22,87.62191009521484,71.97123718261719
2017-09-25,87.62191009521484,72.35774230957031
2017-09-26,87.62191009521484,72.37767791748047
2017-09-27,87.62191009521484,71.79749298095703
2017-09-28,87.60274505615234,72.33235931396484
2017-09-29,87.64107513427734,72.4139404296875
2017-10-02,87.64490509033203,72.26890563964844
2017-10-03,87.64490509033203,72.32328796386719
2017-10-04,87.62574005126953,72.7856216430664
2017-10-05,87.64490509033203,73.01225280761719
2017-10-06,87.62574005126953,72.74935913085938
2017-10-09,87.62574005126953,72.8944091796875
2017-10-10,87.62574005126953,72.9941177368164
2017-10-11,87.62574005126953,73.30233764648438
2017-10-12,87.6640625,73.7828140258789
2017-10-13,87.6640625,73.94597625732422
2017-10-16,87.64490509033203,73.5743179321289
2017-10-17,87.6640625,73.63777160644531
2017-10-18,87.6640625,73.55616760253906
2017-10-19,87.6640625,73.50178527832031
2017-10-20,87.68324279785156,73.26607513427734
2017-10-23,87.6640625,72.92160034179688
2017-10-24,87.7024154663086,72.5589828491211
2017-10-25,87.7024154663086,72.27794647216797
2017-10-26,87.7024154663086,71.8337631225586
2017-10-27,87.7024154663086,72.16011810302734
2017-10-30,87.68324279785156,72.314208984375
2017-10-31,87.7024154663086,72.4501953125
2017-11-01,87.71198272705078,72.50459289550781
2017-11-02,87.69281005859375,72.95785522460938
2017-11-03,87.69281005859375,72.91253662109375
2017-11-06,87.71198272705078,73.755615234375
2017-11-07,87.71198272705078,74.28140258789062
2017-11-08,87.71198272705078,74.77999877929688
2017-11-09,87.69281005859375,74.7528076171875
2017-11-10,87.71198272705078,74.79812622070312
2017-11-13,87.71198272705078,75.0700912475586
2017-11-14,87.71198272705078,74.95222473144531
2017-11-15,87.71198272705078,74.30859375
2017-11-16,87.73118591308594,74.80719757080078
2017-11-17,87.71198272705078,74.46272277832031
2017-11-20,87.73118591308594,74.30859375
2017-11-21,87.75040435791016,74.84345245361328
2017-11-22,87.75040435791016,74.63494873046875
2017-11-24,87.73118591308594,74.78907012939453
2017-11-27,87.73118591308594,74.48082733154297
2017-11-28,87.76956939697266,74.31767272949219
2017-11-29,87.75040435791016,74.22700500488281
2017-11-30,87.75040435791016,74.30859375
2017-12-01,87.7561264038086,74.444580078125
2017-12-04,87.7657241821289,73.87345886230469
2017-12-05,87.77532196044922,73.43832397460938
2017-12-06,87.7657241821289,73.4111328125
2017-12-07,87.77532196044922,73.7103042602539
2017-12-08,87.78491973876953,73.9550552368164
2017-12-11,87.77532196044922,74.03662872314453
2017-12-12,87.78491973876953,74.33578491210938
2017-12-13,87.77532196044922,74.48991394042969
2017-12-14,87.78491973876953,74.444580078125
2017-12-15,87.79451751708984,74.7528076171875
2017-12-18,87.80410766601562,75.16980743408203
2017-12-19,87.8060302734375,73.72230529785156
2017-12-20,87.8060302734375,72.9527359008789
2017-12-21,87.8060302734375,72.68704223632812
2017-12-22,87.82526397705078,73.1451187133789
2017-12-26,87.81563568115234,73.50243377685547
2017-12-27,87.8348617553711,73.7680892944336
2017-12-28,87.8348617553711,74.19868469238281
2017-12-29,87.81563568115234,74.21701049804688
2018-01-02,87.82526397705078,73.84140014648438
2018-01-03,87.84446716308594,73.72230529785156
2018-01-04,87.85406494140625,72.56793212890625
2018-01-05,87.85406494140625,72.64125061035156
2018-01-08,87.86370086669922,73.05351257324219
2018-01-09,87.86370086669922,72.21064758300781
2018-01-10,87.86370086669922,71.3311538696289
2018-01-11,87.85406494140625,71.08377838134766
2018-01-12,87.8829116821289,70.50662231445312
2018-01-16,87.86370086669922,70.69901275634766
2018-01-17,87.8829116821289,71.20288848876953
2018-01-18,87.8829116821289,70.50662231445312
2018-01-19,87.89250183105469,70.96470642089844
2018-01-22,87.9021224975586,71.5418701171875
2018-01-23,87.9021224975586,72.53130340576172
2018-01-24,87.91172790527344,72.27478790283203
2018-01-25,87.91172790527344,72.13735961914062
2018-01-26,87.93095397949219,72.16484069824219
2018-01-29,87.91172790527344,71.23954772949219
2018-01-30,87.92134094238281,70.8547592163086
2018-01-31,87.93095397949219,71.97245025634766
2018-02-01,87.9271011352539,70.77230072021484
2018-02-02,87.93672943115234,70.04855346679688
2018-02-05,87.9271011352539,67.79483032226562
2018-02-06,87.93672943115234,68.03302764892578
2018-02-07,87.94632720947266,67.76732635498047
2018-02-08,87.93672943115234,65.77014923095703
2018-02-09,87.95594024658203,67.13520812988281
2018-02-12,87.95594024658203,67.33675384521484
2018-02-13,87.95594024658203,67.84979248046875
2018-02-14,87.95594024658203,67.5199966430664
2018-02-15,87.96556854248047,68.18876647949219
2018-02-16,87.97517395019531,68.76594543457031
2018-02-20,87.97517395019531,67.9139175415039
2018-02-21,87.96556854248047,66.78705596923828
2018-02-22,87.97517395019531,67.41004180908203
2018-02-23,87.9944076538086,68.55523681640625
2018-02-26,87.97517395019531,68.79342651367188
2018-02-27,87.9944076538086,67.3459243774414
2018-02-28,88.0040283203125,67.18102264404297
2018-03-01,88.01270294189453,66.97029113769531
2018-03-02,88.02232360839844,66.8511962890625
2018-03-05,88.02232360839844,67.60244750976562
2018-03-06,88.02232360839844,68.03302764892578
2018-03-07,88.02232360839844,68.38114929199219
2018-03-08,88.01270294189453,68.72929382324219
2018-03-09,88.03193664550781,69.1598892211914
2018-03-12,88.04158782958984,69.50801086425781
2018-03-13,88.04158782958984,69.61795043945312
2018-03-14,88.04158782958984,69.67292785644531
2018-03-15,88.03193664550781,69.65460968017578
2018-03-16,88.05118560791016,70.0668716430664
2018-03-19,88.05118560791016,69.41641235351562
2018-03-20,88.04158782958984,69.36144256591797
2018-03-21,88.06082916259766,68.83007049560547
2018-03-22,88.07044219970703,68.4310073852539
2018-03-23,88.080078125,67.34099578857422
2018-03-26,88.07044219970703,68.19083404541016
2018-03-27,88.08969116210938,68.3755874633789
2018-03-28,88.09931182861328,69.69654083251953
2018-03-29,88.11857604980469,69.71503448486328
2018-04-02,88.11376190185547,68.75431823730469
2018-04-03,88.10411834716797,69.20695495605469
2018-04-04,88.1233901977539,69.98290252685547
2018-04-05,88.13301849365234,70.04757690429688
2018-04-06,88.13301849365234,69.41941833496094
2018-04-09,88.1426773071289,69.2993392944336
2018-04-10,88.13301849365234,69.03146362304688
2018-04-11,88.15229034423828,69.1884765625
2018-04-12,88.15229034423828,68.53263092041016
2018-04-13,88.15229034423828,68.7728042602539
2018-04-16,88.17156982421875,69.1053466796875
2018-04-17,88.17156982421875,70.00138854980469
2018-04-18,88.16194152832031,69.88129425048828
2018-04-19,88.18121337890625,68.88362884521484
2018-04-20,88.18121337890625,68.29244995117188
2018-04-23,88.18121337890625,68.33863067626953
2018-04-24,88.19084167480469,68.50492095947266
2018-04-25,88.20046997070312,68.35712432861328
2018-04-26,88.21013641357422,69.1884765625
2018-04-27,88.21975708007812,70.08451843261719
2018-04-30,88.21013641357422,69.87205505371094
2018-05-01,88.21687316894531,70.36163330078125
2018-05-02,88.22652435302734,70.12146759033203
2018-05-03,88.22652435302734,70.14918518066406
2018-05-04,88.2458267211914,70.88817596435547
2018-05-07,88.2458267211914,71.27615356445312
2018-05-08,88.25544738769531,70.92511749267578
2018-05-09,88.25544738769531,71.35929107666016
2018-05-10,88.25544738769531,72.01514434814453
2018-05-11,88.25544738769531,71.71953582763672
2018-05-14,88.25544738769531,71.19300842285156
2018-05-15,88.2747573852539,70.13993835449219
2018-05-16,88.2844009399414,69.93672180175781
2018-05-17,88.2844009399414,69.57646942138672
2018-05-18,88.29405212402344,69.7334976196289
2018-05-21,88.29405212402344,70.4817123413086
2018-05-22,88.29405212402344,70.5740966796875
2018-05-23,88.30369567871094,71.17454528808594
2018-05-24,88.32298278808594,70.99903106689453
2018-05-25,88.3326416015625,71.23918914794922
2018-05-29,88.3326416015625,71.45165252685547
2018-05-30,88.32298278808594,72.35694122314453
2018-05-31,88.34228515625,72.22760772705078
2018-06-01,88.34808349609375,72.47702026367188
2018-06-04,88.35774230957031,73.1144027709961
2018-06-05,88.35774230957031,73.02201843261719
2018-06-06,88.34808349609375,73.10515594482422
2018-06-07,88.35774230957031,73.15135192871094
2018-06-08,88.3770523071289,73.36380004882812
2018-06-11,88.38672637939453,73.38227844238281
2018-06-12,88.38672637939453,73.75177764892578
2018-06-13,88.3770523071289,72.26455688476562
2018-06-14,88.40605163574219,72.98506927490234
2018-06-15,88.40605163574219,73.0589599609375
2018-06-18,88.39637756347656,72.99430847167969
2018-06-19,88.41571044921875,72.98506927490234
2018-06-20,88.40605163574219,73.69636535644531
2018-06-21,88.41571044921875,74.0750961303711
2018-06-22,88.42536163330078,74.54619598388672
2018-06-25,88.44468688964844,74.28756713867188
2018-06-26,88.43505096435547,74.58136749267578
2018-06-27,88.45435333251953,74.18028259277344
2018-06-28,88.45435333251953,74.97310638427734
2018-06-29,88.4736557006836,75.15966033935547
2018-07-02,88.46111297607422,74.71194458007812
2018-07-03,88.48045349121094,75.27156829833984
2018-07-05,88.48045349121094,76.25094604492188
2018-07-06,88.49978637695312,76.56806945800781
2018-07-09,88.49978637695312,75.8871841430664
2018-07-10,88.50946044921875,76.12037658691406
2018-07-11,88.50946044921875,75.8871841430664
2018-07-12,88.50946044921875,76.11104583740234
2018-07-13,88.5191421508789,75.84989166259766
2018-07-16,88.52880859375,75.5047607421875
2018-07-17,88.52880859375,75.10369873046875
2018-07-18,88.53849792480469,74.74925994873047
2018-07-19,88.54814910888672,75.5047607421875
2018-07-20,88.55785369873047,74.8705062866211
2018-07-23,88.54814910888672,74.6839599609375
2018-07-24,88.56752014160156,74.32018280029297
2018-07-25,88.55785369873047,74.9264907836914
2018-07-26,88.56752014160156,75.13167572021484
2018-07-27,88.58688354492188,74.40414428710938
2018-07-30,88.57719421386719,74.5067367553711
2018-07-31,88.59652709960938,75.78457641601562
2018-08-01,88.60137939453125,76.03642272949219
2018-08-02,88.61106872558594,75.78457641601562
2018-08-03,88.61106872558594,76.68002319335938
2018-08-06,88.62076568603516,76.63338470458984
2018-08-07,88.63043975830078,76.3628921508789
2018-08-08,88.62076568603516,75.90583801269531
2018-08-09,88.63043975830078,75.99911499023438
2018-08-10,88.64982604980469,75.31822967529297
2018-08-13,88.65949249267578,75.28091430664062
2018-08-14,88.64013671875,75.69132232666016
2018-08-15,88.65949249267578,76.26029205322266
2018-08-16,88.65949249267578,76.87588500976562
2018-08-17,88.6692123413086,77.56611633300781
2018-08-20,88.6692123413086,77.6873779296875
2018-08-21,88.67887115478516,77.16504669189453
2018-08-22,88.67887115478516,76.73597717285156
2018-08-23,88.70794677734375,76.56806945800781
2018-08-24,88.70794677734375,76.9598388671875
2018-08-27,88.71765899658203,76.8199234008789
2018-08-28,88.71765899658203,77.64073181152344
2018-08-29,88.70794677734375,77.56611633300781
2018-08-30,88.74671173095703,77.29561614990234
2018-08-31,88.73702239990234,77.58476257324219
2018-09-04,88.7447738647461,76.76396942138672
2018-09-05,88.73507690429688,77.11840057373047
2018-09-06,88.75448608398438,77.4168701171875
2018-09-07,88.77389526367188,76.47481536865234
2018-09-10,88.77389526367188,76.9598388671875
2018-09-11,88.7835922241211,76.80126190185547
2018-09-12,88.7835922241211,76.86656188964844
2018-09-13,88.7835922241211,77.3236083984375
2018-09-14,88.79327392578125,76.69867706298828
2018-09-17,88.81269073486328,76.96915435791016
2018-09-18,88.81269073486328,76.69867706298828
2018-09-19,88.81269073486328,75.6819839477539
2018-09-20,88.8321304321289,76.4375
2018-09-21,88.8321304321289,76.40019989013672
2018-09-24,88.84180450439453,75.05706024169922
2018-09-25,88.84180450439453,74.93579864501953
2018-09-26,88.84180450439453,74.25010681152344
2018-09-27,88.8612060546875,74.44790649414062
2018-09-28,88.8612060546875,75.37094116210938
2018-10-01,88.8670654296875,74.74930572509766
2018-10-02,88.87676239013672,74.64570617675781
2018-10-03,88.87676239013672,74.12765502929688
2018-10-04,88.8962173461914,73.383544921875
2018-10-05,88.9059066772461,73.28936004638672
2018-10-08,88.9059066772461,74.25951385498047
2018-10-09,88.8962173461914,74.41963958740234
2018-10-10,88.9156494140625,73.29877471923828
2018-10-11,88.92536163330078,71.30194854736328
2018-10-12,88.92536163330078,71.16065979003906
2018-10-15,88.93506622314453,71.54682922363281
2018-10-16,88.94480895996094,73.1009750366211
2018-10-17,88.94480895996094,72.74304962158203
2018-10-18,88.94480895996094,72.65827941894531
2018-10-19,88.95450592041016,73.2140121459961
2018-10-22,88.9739761352539,72.25325775146484
2018-10-23,88.9739761352539,72.71479797363281
2018-10-24,88.98365783691406,73.24225616455078
2018-10-25,88.99340057373047,74.14649200439453
2018-10-26,89.00308990478516,72.40398406982422
2018-10-29,89.00308990478516,73.24225616455078
2018-10-30,89.00308990478516,74.34429168701172
2018-10-31,89.01283264160156,73.57193756103516
2018-11-01,89.03228759765625,73.8450927734375
2018-11-02,89.03228759765625,73.2140121459961
2018-11-05,89.04203033447266,74.28778076171875
2018-11-06,89.04203033447266,74.6080322265625
2018-11-07,89.0517578125,75.54991912841797
2018-11-08,89.06151580810547,75.57817077636719
2018-11-09,89.08097076416016,75.68180084228516
2018-11-12,89.07124328613281,75.59701538085938
2018-11-13,89.08097076416016,75.6629638671875
2018-11-14,89.07124328613281,75.53108978271484
2018-11-15,89.1004409790039,75.06013488769531
2018-11-16,89.11016845703125,75.96435546875
2018-11-19,89.1004409790039,75.96435546875
2018-11-20,89.11993408203125,75.1543197631836
2018-11-21,89.1393814086914,75.2579345703125
2018-11-23,89.1393814086914,75.00362396240234
2018-11-26,89.14911651611328,75.26734924316406
2018-11-27,89.14911651611328,75.5028305053711
2018-11-28,89.15885925292969,76.17158508300781
2018-11-29,89.16858673095703,76.27519989013672
2018-11-30,89.17832946777344,77.0287094116211
2018-12-03,89.17539978027344,77.38663482666016
2018-12-04,89.18514251708984,76.19041442871094
2018-12-06,89.20465850830078,78.10247802734375
2018-12-07,89.21438598632812,77.00044250488281
2018-12-10,89.22415161132812,76.5671615600586
2018-12-11,89.21438598632812,76.62369537353516
2018-12-12,89.23390197753906,75.3615493774414
2018-12-13,89.24366760253906,75.81365203857422
2018-12-14,89.2533950805664,75.6629638671875
2018-12-17,89.2631607055664,72.86981201171875
2018-12-18,89.2631607055664,73.52356719970703
2018-12-19,89.2533950805664,72.71821594238281
2018-12-20,89.27291870117188,71.65705108642578
2018-12-21,89.29246520996094,70.76644134521484
2018-12-24,89.30223083496094,68.21773529052734
2018-12-26,89.29246520996094,70.45377349853516
2018-12-27,89.32176208496094,70.56745910644531
2018-12-28,89.33153533935547,70.78539276123047
2018-12-31,89.34130096435547,71.00330352783203
2019-01-02,89.33153533935547,69.4684066772461
2019-01-03,89.36083984375,69.91370391845703
2019-01-04,89.37059783935547,70.6622085571289
2019-01-07,89.37059783935547,71.3728256225586
2019-01-08,89.37059783935547,72.67082977294922
2019-01-09,89.37059783935547,72.57608795166016
2019-01-10,89.38037109375,73.58041381835938
2019-01-11,89.39991760253906,73.83622741699219
2019-01-14,89.39014434814453,73.599365234375
2019-01-15,89.40967559814453,74.32891082763672
2019-01-16,89.41944885253906,74.79317474365234
2019-01-17,89.43898010253906,75.19111633300781
2019-01-18,89.43898010253906,75.47535705566406
2019-01-22,89.44876098632812,75.25743865966797
2019-01-23,89.44876098632812,75.25743865966797
2019-01-24,89.4780502319336,75.52272033691406
2019-01-25,89.46829223632812,76.40386962890625
2019-01-28,89.4780502319336,77.09551239013672
2019-01-29,89.4780502319336,77.71137237548828
2019-01-30,89.49758911132812,78.32723236083984
2019-01-31,89.49758911132812,79.15153503417969
2019-02-01,89.50639343261719,78.61146545410156
2019-02-04,89.51619720458984,79.14205169677734
2019-02-05,89.51619720458984,79.62527465820312
2019-02-06,89.5357894897461,79.07572937011719
2019-02-07,89.5357894897461,79.6821060180664
2019-02-08,89.55534362792969,79.70106506347656
2019-02-11,89.5455551147461,79.92845153808594
2019-02-12,89.56513977050781,79.46419525146484
2019-02-13,89.56513977050781,79.83370971679688
2019-02-14,89.58470916748047,80.08953094482422
2019-02-15,89.58470916748047,80.58222198486328
2019-02-19,89.60427856445312,80.60116577148438
2019-02-20,89.60427856445312,80.03268432617188
2019-02-21,89.61405944824219,80.0989990234375
2019-02-22,89.6336441040039,80.52536010742188
2019-02-25,89.6238784790039,79.93792724609375
2019-02-26,89.6336441040039,79.72000885009766
2019-02-27,89.64341735839844,79.49262237548828
2019-02-28,89.66300964355469,79.72948455810547
2019-03-01,89.67281341552734,79.55894470214844
2019-03-04,89.66300201416016,79.89055633544922
2019-03-05,89.67281341552734,80.13689422607422
2019-03-06,89.68262481689453,79.7484359741211
2019-03-07,89.7022476196289,79.60631561279297
2019-03-08,89.7120361328125,79.6821060180664
2019-03-11,89.7120361328125,80.85697174072266
2019-03-12,89.72183227539062,81.18859100341797
2019-03-13,89.73164367675781,81.55809783935547
2019-03-14,89.73164367675781,81.6812744140625
2019-03-15,89.74146270751953,81.49178314208984
2019-03-18,89.7512435913086,81.03700256347656
2019-03-19,89.7512435913086,80.80013275146484
2019-03-20,89.7512435913086,81.07017517089844
2019-03-21,89.78067779541016,82.44424438476562
2019-03-22,89.78067779541016,81.94805145263672
2019-03-25,89.78067779541016,81.96713256835938
2019-03-26,89.79048156738281,82.57784271240234
2019-03-27,89.80029296875,82.40607452392578
2019-03-28,89.81990051269531,83.12173461914062
2019-03-29,89.81990051269531,83.054931640625
2019-04-01,89.83561706542969,83.02631378173828
2019-04-02,89.82579040527344,83.56067657470703
2019-04-03,89.83561706542969,83.47479248046875
2019-04-04,89.86510467529297,83.35073852539062
2019-04-05,89.86510467529297,83.92326354980469
2019-04-08,89.86510467529297,83.42709350585938
2019-04-09,89.87493133544922,83.02631378173828
2019-04-10,89.87493133544922,83.78013610839844
2019-04-11,89.90438842773438,83.69425964355469
2019-04-12,89.90438842773438,84.13320922851562
2019-04-15,89.91422271728516,83.70380401611328
2019-04-16,89.91422271728516,81.90987396240234
2019-04-17,89.9338607788086,81.16559600830078
2019-04-18,89.94367980957031,81.71903991699219
2019-04-22,89.94367980957031,80.9175033569336
2019-04-23,89.94367980957031,81.8812484741211
2019-04-24,89.96334075927734,82.41561889648438
2019-04-25,89.98296356201172,82.2533950805664
2019-04-26,89.9731674194336,82.87364959716797
2019-04-29,89.98296356201172,82.08163452148438
2019-04-30,89.99281311035156,83.01677703857422
2019-05-01,89.99674224853516,82.95951843261719
2019-05-02,90.00658416748047,82.98815155029297
2019-05-03,90.01643371582031,83.64654541015625
2019-05-06,90.02627563476562,83.36982727050781
2019-05-07,90.03612518310547,81.85263061523438
2019-05-08,90.03612518310547,81.84309387207031
2019-05-09,90.04598236083984,82.033935546875
2019-05-10,90.06564331054688,82.90226745605469
2019-05-13,90.05580139160156,82.80683898925781
2019-05-14,90.06564331054688,83.1503677368164
2019-05-15,90.07549285888672,83.69425964355469
2019-05-16,90.08534240722656,84.1904525756836
2019-05-17,90.09516906738281,83.951904296875
2019-05-20,90.10502624511719,82.71142578125
2019-05-21,90.10502624511719,83.40800476074219
2019-05-22,90.12470245361328,83.70380401611328
2019-05-23,90.14439392089844,83.81831359863281
2019-05-24,90.14439392089844,84.09502410888672
2019-05-28,90.15421295166016,83.20761108398438
2019-05-29,90.15421295166016,82.2152328491211
2019-05-30,90.18377685546875,82.54920196533203
2019-05-31,90.18377685546875,82.8927230834961
2019-06-03,90.17981719970703,83.21715545654297
2019-06-04,90.19954681396484,82.9499740600586
2019-06-05,90.19954681396484,84.68665313720703
2019-06-06,90.22913360595703,84.8106918334961
2019-06-07,90.21929168701172,85.06832885742188
2019-06-10,90.2389907836914,84.8106918334961
2019-06-11,90.22913360595703,84.95381927490234
2019-06-12,90.2389907836914,85.23054504394531
2019-06-13,90.2685775756836,85.54544067382812
2019-06-14,90.27845001220703,85.68856811523438
2019-06-17,90.27845001220703,86.60684967041016
2019-06-18,90.27845001220703,86.45301818847656
2019-06-19,90.29816436767578,86.9914779663086
2019-06-20,90.30804443359375,87.3760986328125
2019-06-21,90.30804443359375,86.27031707763672
2019-06-24,90.3178939819336,85.73184967041016
2019-06-25,90.3178939819336,84.63567352294922
2019-06-26,90.3376235961914,83.03950500488281
2019-06-27,90.3376235961914,84.00105285644531
2019-06-28,90.34748077392578,83.9529800415039
2019-07-01,90.34253692626953,84.24144744873047
2019-07-02,90.3524169921875,85.55876922607422
2019-07-03,90.382080078125,86.69340515136719
2019-07-05,90.3721923828125,86.29916381835938
2019-07-08,90.3721923828125,86.57801055908203
2019-07-09,90.382080078125,87.0010986328125
2019-07-10,90.3919448852539,87.46263885498047
2019-07-11,90.41170501708984,86.48185729980469
2019-07-12,90.42159271240234,86.3280029296875
2019-07-15,90.42159271240234,86.3280029296875
2019-07-16,90.43145751953125,86.1260757446289
2019-07-17,90.43145751953125,85.77991485595703
2019-07-18,90.46109771728516,85.79916381835938
2019-07-19,90.46109771728516,84.5395278930664
2019-07-22,90.46109771728516,84.38567352294922
2019-07-23,90.45121765136719,85.241455078125
2019-07-24,90.47099304199219,85.4818344116211
2019-07-25,90.49072265625,85.08760833740234
2019-07-26,90.48086547851562,85.3760757446289
2019-07-29,90.50062561035156,85.62608337402344
2019-07-30,90.50062561035156,86.24147033691406
2019-07-31,90.51050567626953,85.9530029296875
2019-08-01,90.53526306152344,85.86647033691406
2019-08-02,90.53526306152344,86.2510757446289
2019-08-05,90.52534484863281,84.7029800415039
2019-08-06,90.53526306152344,85.59722900390625
2019-08-07,90.5550308227539,86.49146270751953
2019-08-08,90.56493377685547,87.94341278076172
2019-08-09,90.5550308227539,87.93379211425781
2019-08-12,90.57483673095703,87.59725952148438
2019-08-13,90.58472442626953,87.69339752197266
2019-08-14,90.57483673095703,86.27031707763672
2019-08-15,90.61441040039062,87.22225189208984
2019-08-16,90.6045150756836,87.98187255859375
2019-08-19,90.6045150756836,88.64534759521484
2019-08-20,90.61441040039062,87.98187255859375
2019-08-21,90.6045150756836,88.30879974365234
2019-08-22,90.63421630859375,88.7991943359375
2019-08-23,90.62432098388672,87.5780258178711
2019-08-26,90.63421630859375,88.22225952148438
2019-08-27,90.64408874511719,87.8857192993164
2019-08-28,90.63421630859375,88.087646484375
2019-08-29,90.65400695800781,88.78958129882812
2019-08-30,90.66390228271484,88.90496063232422
2019-09-03,90.68174743652344,89.7703628540039
2019-09-04,90.67182922363281,90.47228240966797
2019-09-05,90.68174743652344,89.90497589111328
2019-09-06,90.69166564941406,90.07805633544922
2019-09-09,90.69166564941406,89.49150848388672
2019-09-10,90.71148681640625,88.5395736694336
2019-09-11,90.70157623291016,88.62611389160156
2019-09-12,90.7214126586914,89.0588150024414
2019-09-13,90.7214126586914,88.02033996582031
2019-09-16,90.7214126586914,88.92420196533203
2019-09-17,90.73133087158203,89.89534759521484
2019-09-18,90.75114440917969,89.57806396484375
2019-09-19,90.75114440917969,90.01074981689453
2019-09-20,90.76107025146484,89.97227478027344
2019-09-23,90.78089141845703,90.10689544677734
2019-09-24,90.78089141845703,89.99456787109375
2019-09-25,90.78089141845703,90.06234741210938
2019-09-26,90.80072784423828,90.79834747314453
2019-09-27,90.80072784423828,90.24635314941406
2019-09-30,90.81063079833984,90.58529663085938
2019-10-01,90.80765533447266,89.6265640258789
2019-10-02,90.80765533447266,89.27794647216797
2019-10-03,90.83744812011719,90.14950561523438
2019-10-04,90.83744812011719,90.63372039794922
2019-10-07,90.84737396240234,90.3819351196289
2019-10-08,90.84737396240234,89.9170913696289
2019-10-09,90.84737396240234,90.2076187133789
2019-10-10,90.86724853515625,90.3819351196289
2019-10-11,90.87715911865234,90.31414031982422
2019-10-14,90.86724853515625,90.33351135253906
2019-10-15,90.87715911865234,90.3819351196289
2019-10-16,90.88709259033203,90.44971466064453
2019-10-17,90.89703369140625,90.95328521728516
2019-10-18,90.89703369140625,91.67960357666016
2019-10-21,90.9069595336914,92.34780883789062
2019-10-22,90.9069595336914,92.047607421875
2019-10-23,90.9069595336914,92.17349243164062
2019-10-24,90.92680358886719,92.0572738647461
2019-10-25,90.92680358886719,91.11791229248047
2019-10-28,90.91688537597656,90.62403106689453
2019-10-29,90.93675231933594,90.93392944335938
2019-10-30,90.94667053222656,91.43749237060547
2019-10-31,90.95660400390625,91.28255462646484
2019-11-01,90.95561218261719,91.21476745605469
2019-11-04,90.9655532836914,90.50782775878906
2019-11-05,90.95561218261719,89.03583526611328
2019-11-06,90.9655532836914,89.29730224609375
2019-11-07,90.98543548583984,88.44511413574219
2019-11-08,90.98543548583984,88.28047943115234
2019-11-11,90.98543548583984,88.48384857177734
2019-11-12,90.99539947509766,87.86405944824219
2019-11-13,90.99539947509766,88.58067321777344
2019-11-14,91.00534057617188,89.2876205444336
2019-11-15,90.99539947509766,89.76214599609375
2019-11-18,91.01527404785156,90.22698211669922
2019-11-19,91.00534057617188,90.34319305419922
2019-11-20,91.01527404785156,90.32382202148438
2019-11-21,91.01527404785156,89.0842514038086
2019-11-22,91.02521514892578,88.79373168945312
2019-11-25,91.02521514892578,89.14237213134766
2019-11-26,91.0351791381836,90.2173080444336
2019-11-27,91.05506134033203,90.50782775878906
2019-11-29,91.05506134033203,90.25603485107422
2019-12-02,91.06201934814453,88.91962432861328
2019-12-03,91.05207824707031,89.4619369506836
2019-12-04,91.06201934814453,89.81056213378906
2019-12-05,91.08193969726562,89.8880386352539
2019-12-06,91.08193969726562,90.0429916381836
2019-12-09,91.09190368652344,90.22698211669922
2019-12-10,91.09190368652344,89.6846694946289
2019-12-11,91.09190368652344,88.81310272216797
2019-12-12,91.11181640625,87.65100860595703
2019-12-13,91.09190368652344,87.73816680908203
2019-12-16,91.11181640625,88.30147552490234
2019-12-17,91.10186004638672,87.5484390258789
2019-12-18,91.12177276611328,88.68289184570312
2019-12-19,91.1317367553711,89.41637420654297
2019-12-20,91.13672637939453,89.97381591796875
2019-12-23,91.13672637939453,89.46527099609375
2019-12-24,91.14669036865234,89.70977020263672
2019-12-26,91.15666961669922,90.18898010253906
2019-12-27,91.14669036865234,90.4334716796875
2019-12-30,91.15666961669922,90.50192260742188
2019-12-31,91.15666961669922,91.030029296875
2020-01-02,91.18656158447266,90.02272033691406
2020-01-03,91.18656158447266,90.66818237304688
2020-01-06,91.17658996582031,90.74642181396484
2020-01-07,91.17658996582031,89.8271255493164
2020-01-08,91.19654846191406,90.04227447509766
2020-01-09,91.20651245117188,90.09117889404297
2020-01-10,91.20651245117188,90.87355041503906
2020-01-13,91.20651245117188,91.84175872802734
2020-01-14,91.20651245117188,91.48968505859375
2020-01-15,91.21648406982422,92.30139923095703
2020-01-16,91.23641967773438,92.98599243164062
2020-01-17,91.22644805908203,93.09356689453125
2020-01-21,91.23641967773438,94.04220581054688
2020-01-22,91.23641967773438,93.50431823730469
2020-01-23,91.24639129638672,94.06175994873047
2020-01-24,91.24639129638672,93.84660339355469
2020-01-27,91.25635528564453,93.39673614501953
2020-01-28,91.25635528564453,93.7977066040039
2020-01-29,91.2663345336914,93.50431823730469
2020-01-30,91.2663345336914,93.62167358398438
2020-01-31,91.2663345336914,92.48722076416016
2020-02-03,91.27433013916016,92.77082824707031
2020-02-04,91.27433013916016,93.71946716308594
2020-02-05,91.29427337646484,93.73902130126953
2020-02-06,91.30426788330078,94.09110260009766
2020-02-07,91.30426788330078,94.0519790649414
2020-02-10,91.29427337646484,95.00061798095703
2020-02-11,91.30426788330078,95.77322387695312
2020-02-12,91.31424713134766,96.5360336303711
2020-02-13,91.32422637939453,97.1912841796875
2020-02-14,91.32422637939453,98.07145690917969
2020-02-18,91.3342056274414,98.00300598144531
2020-02-19,91.3342056274414,96.770751953125
2020-02-20,91.3342056274414,97.81718444824219
2020-02-21,91.35417175292969,98.00300598144531
2020-02-24,91.34419250488281,96.69252014160156
2020-02-25,91.34419250488281,94.10088348388672
2020-02-26,91.36415100097656,93.11312866210938
2020-02-27,91.38412475585938,88.23302459716797
2020-02-28,91.37413787841797,85.47513580322266
2020-03-02,91.40111541748047,89.5924072265625
2020-03-03,91.42110443115234,89.60218811035156
2020-03-04,91.46107482910156,93.02510070800781
2020-03-05,91.48106384277344,91.00070190429688
2020-03-06,91.48106384277344,89.45549011230469
2020-03-09,91.52102661132812,82.82481384277344
2020-03-10,91.50104522705078,86.02278900146484
2020-03-11,91.52102661132812,81.01555633544922
2020-03-12,91.53101348876953,73.12328338623047
2020-03-13,91.5510025024414,79.36277770996094
2020-03-16,91.56099700927734,65.97428131103516
2020-03-17,91.56099700927734,69.074462890625
2020-03-18,91.58097839355469,62.27753448486328
2020-03-19,91.56099700927734,62.3068733215332
2020-03-20,91.59097290039062,59.578311920166016
2020-03-23,91.57099151611328,56.5661506652832
2020-03-24,91.57099151611328,61.094181060791016
2020-03-25,91.57099151611328,64.44841766357422
2020-03-26,91.57099151611328,69.22750091552734
2020-03-27,91.5510025024414,69.31636047363281
2020-03-30,91.5510025024414,70.69873809814453
2020-03-31,91.56099700927734,68.69429779052734
2020-04-01,91.5530014038086,64.16207122802734
2020-04-02,91.56299591064453,64.43855285644531
2020-04-03,91.53300476074219,63.4313850402832
2020-04-06,91.54299926757812,68.19071197509766
2020-04-07,91.52301025390625,68.85227966308594
2020-04-08,91.53300476074219,73.77946472167969
2020-04-09,91.51300811767578,77.88710021972656
2020-04-13,91.53300476074219,74.71751403808594
2020-04-14,91.54299926757812,76.69233703613281
2020-04-15,91.53300476074219,73.78935241699219
2020-04-16,91.52301025390625,72.95991516113281
2020-04-17,91.54299926757812,75.13221740722656
2020-04-20,91.53300476074219,72.40696716308594
2020-04-21,91.53300476074219,71.08383178710938
2020-04-22,91.53300476074219,72.2193603515625
2020-04-23,91.54299926757812,71.55779266357422
2020-04-24,91.53300476074219,71.85401153564453
2020-04-27,91.53300476074219,74.12506866455078
2020-04-28,91.53300476074219,74.79650115966797
2020-04-29,91.52301025390625,75.94190216064453
2020-04-30,91.54299926757812,75.09273529052734
2020-05-01,91.5270004272461,72.54520416259766
2020-05-04,91.5270004272461,72.32797241210938
2020-05-05,91.5270004272461,72.67356872558594
2020-05-06,91.53700256347656,71.46891784667969
2020-05-07,91.5270004272461,72.41683959960938
2020-05-08,91.5270004272461,74.14480590820312
2020-05-11,91.53700256347656,73.09815216064453
2020-05-12,91.53700256347656,69.74095153808594
2020-05-13,91.53700256347656,68.09197235107422
2020-05-14,91.54700469970703,68.40794372558594
2020-05-15,91.5270004272461,68.09197235107422
2020-05-18,91.5270004272461,72.06137084960938
2020-05-19,91.5270004272461,71.25170135498047
2020-05-20,91.5270004272461,71.94287872314453
2020-05-21,91.53700256347656,71.84414672851562
2020-05-22,91.5270004272461,72.8216781616211
2020-05-26,91.53700256347656,75.47782135009766
2020-05-27,91.5270004272461,76.9293212890625
2020-05-28,91.5270004272461,77.24528503417969
2020-05-29,91.5270004272461,76.44548034667969
2020-06-01,91.53700256347656,78.21295166015625
2020-06-02,91.53700256347656,78.91401672363281
2020-06-03,91.53700256347656,81.28380584716797
2020-06-04,91.53700256347656,80.59262084960938
2020-06-05,91.51699829101562,83.52522277832031
2020-06-08,91.5270004272461,85.72715759277344
2020-06-09,91.5270004272461,84.34477996826172
2020-06-10,91.53700256347656,82.19222259521484
2020-06-11,91.51699829101562,76.99844360351562
2020-06-12,91.53700256347656,79.75331115722656
2020-06-15,91.53700256347656,80.6707534790039
2020-06-16,91.53700256347656,82.2611083984375
2020-06-17,91.53700256347656,81.14785766601562
2020-06-18,91.5270004272461,80.2831039428711
2020-06-19,91.5270004272461,79.26925659179688
2020-06-22,91.5270004272461,79.12015533447266
2020-06-23,91.5270004272461,78.88160705566406
2020-06-24,91.5270004272461,76.62528228759766
2020-06-25,91.53700256347656,77.56956481933594
2020-06-26,91.5270004272461,76.02890014648438
2020-06-29,91.5270004272461,77.45027923583984
2020-06-30,91.5270004272461,78.33491516113281
2020-07-01,91.5270004272461,80.09425354003906
2020-07-02,91.53700256347656,79.84575653076172
2020-07-06,91.5270004272461,79.8556900024414
2020-07-07,91.5270004272461,78.33491516113281
2020-07-08,91.5270004272461,78.25540161132812
2020-07-09,91.5270004272461,77.81805419921875
2020-07-10,91.53700256347656,78.03672790527344
2020-07-13,91.53700256347656,77.07257843017578
2020-07-14,91.53700256347656,77.65901947021484
2020-07-15,91.53700256347656,78.46414184570312
2020-07-16,91.5270004272461,77.60932159423828
2020-07-17,91.53700256347656,78.58341217041016
2020-07-20,91.53700256347656,77.64907836914062
2020-07-21,91.53700256347656,77.84786987304688
2020-07-22,91.5270004272461,79.04063415527344
2020-07-23,91.53700256347656,78.63311004638672
2020-07-24,91.5270004272461,78.03672790527344
2020-07-27,91.5270004272461,78.94123840332031
2020-07-28,91.53700256347656,80.35267639160156
2020-07-29,91.53700256347656,82.15177154541016
2020-07-30,91.5270004272461,81.73430633544922
2020-07-31,91.53700256347656,81.56532287597656
2020-08-03,91.5270004272461,80.50177764892578
2020-08-04,91.53700256347656,81.51563262939453
2020-08-05,91.5270004272461,81.2074966430664
2020-08-06,91.5270004272461,81.21743774414062
2020-08-07,91.53700256347656,82.32074737548828
2020-08-10,91.53700256347656,82.51953887939453
2020-08-11,91.5270004272461,81.32677459716797
2020-08-12,91.5270004272461,82.11201477050781
2020-08-13,91.53700256347656,81.17767333984375
2020-08-14,91.5270004272461,81.1876220703125
2020-08-17,91.5270004272461,81.82376098632812
2020-08-18,91.53700256347656,81.43611145019531
2020-08-19,91.53700256347656,79.9749755859375
2020-08-20,91.53700256347656,80.70057678222656
2020-08-21,91.53700256347656,80.8198471069336
2020-08-24,91.53700256347656,81.45598602294922
2020-08-25,91.5270004272461,81.65478515625
2020-08-26,91.5270004272461,80.8894271850586
2020-08-27,91.5270004272461,82.04243469238281
2020-08-28,91.53700256347656,82.54936218261719
2020-08-31,91.53700256347656,81.75418090820312
2020-09-01,91.53700256347656,81.84363555908203
2020-09-02,91.53700256347656,83.3345947265625
2020-09-03,91.5270004272461,82.30087280273438
2020-09-04,91.53700256347656,81.92315673828125
2020-09-08,91.53700256347656,80.89936828613281
2020-09-09,91.5270004272461,81.63490295410156
2020-09-10,91.5270004272461,80.54153442382812
2020-09-11,91.51699829101562,80.09425354003906
2020-09-14,91.53700256347656,82.24122619628906
2020-09-15,91.51699829101562,83.19544219970703
2020-09-16,91.53700256347656,83.64273071289062
2020-09-17,91.53700256347656,82.07225036621094
2020-09-18,91.51699829101562,80.30298614501953
2020-09-21,91.51699829101562,78.0665512084961
2020-09-22,91.51699829101562,78.98100280761719
2020-09-23,91.51699829101562,76.70999908447266
2020-09-24,91.5270004272461,77.05000305175781
2020-09-25,91.51699829101562,78.61000061035156
2020-09-28,91.5270004272461,80.18000030517578
2020-09-29,91.5270004272461,79.58000183105469
2020-09-30,91.51699829101562,79.83999633789062
2020-10-01,91.51699829101562,81.37999725341797
2020-10-02,91.51699829101562,82.68000030517578
2020-10-05,91.51699829101562,83.13999938964844
2020-10-06,91.5270004272461,82.62000274658203
2020-10-07,91.51699829101562,82.70999908447266
2020-10-08,91.51699829101562,84.01000213623047
2020-10-09,91.51699829101562,83.6500015258789
2020-10-12,91.5270004272461,84.1500015258789
2020-10-13,91.51699829101562,82.80000305175781
2020-10-14,91.51699829101562,81.83000183105469
2020-10-15,91.51699829101562,82.16999816894531
2020-10-16,91.5270004272461,81.66000366210938
2020-10-19,91.5270004272461,80.33999633789062
2020-10-20,91.51699829101562,80.94000244140625
2020-10-21,91.51699829101562,80.62000274658203
2020-10-22,91.5270004272461,80.5199966430664
2020-10-23,91.5270004272461,81.01000213623047
2020-10-26,91.5270004272461,79.9800033569336
2020-10-27,91.51699829101562,78.80000305175781
2020-10-28,91.51699829101562,76.87000274658203
2020-10-29,91.5270004272461,78.04000091552734
2020-10-30,91.5270004272461,77.51000213623047
2020-11-02,91.5270004272461,79.45999908447266
2020-11-03,91.5270004272461,80.98999786376953
2020-11-04,91.51699829101562,81.16000366210938
2020-11-05,91.5270004272461,81.41999816894531
2020-11-06,91.51699829101562,80.95999908447266
2020-11-09,91.5270004272461,83.30000305175781
2020-11-10,91.51699829101562,84.2300033569336
2020-11-11,91.51699829101562,84.7699966430664
2020-11-12,91.51699829101562,83.75
2020-11-13,91.5270004272461,85.94000244140625
2020-11-16,91.5270004272461,86.63999938964844
2020-11-17,91.5270004272461,86.70999908447266
2020-11-18,91.5270004272461,85.1500015258789
2020-11-19,91.5270004272461,85.31999969482422
2020-11-20,91.5270004272461,84.91999816894531
2020-11-23,91.5270004272461,84.8499984741211
2020-11-24,91.5270004272461,85.08999633789062
2020-11-25,91.51699829101562,85.16000366210938
2020-11-27,91.5270004272461,84.9000015258789
2020-11-30,91.51699829101562,84.16000366210938
2020-12-01,91.51000213623047,85.12000274658203
2020-12-02,91.5199966430664,84.36000061035156
2020-12-03,91.5199966430664,84.98999786376953
2020-12-04,91.52999877929688,86.23999786376953
2020-12-07,91.51000213623047,85.56999969482422
